sasdate,GDPC1,CE16OV,AWHMAN,CPIAUCSL,CES3000000008x,FEDFUNDS,S&P 500,PCECC96,FPIx,UNRATE,CES0600000007,CLAIMSx,HOUST,CES0600000008,M2REAL,GS10,GS1,TB3MS,BAA10YM,INDPRO,PAYEMS,PCECTPI,OILPRICEx,EXUSUKx,S&P div yield,S&P PE ratio
transform,5,5,1,6,5,2,5,5,5,2,2,5,5,6,5,2,2,2,1,5,5,6,5,5,2,5
3/1/1959,3352.129,63939.6667,40.3,28.9933,13.23444891,2.57,55.5167,2039.017,357.0174,5.8333,39.8333,278127,1648,2.14,992.7667,3.99,3.5033,2.7733,0.88,22.3947,52726.6667,15.177,19.2718,2.8095,3.1765,18.6211
6/1/1959,3427.667,64772,40.6,29.0433,13.35640343,3.0833,57.5067,2070.508,368.064,5.1,40.2333,250541,1530.3333,2.1667,1005.8333,4.2567,3.9167,3,0.6967,23.4808,53517.3333,15.239,19.041,2.8145,3.1012,19.2899
9/1/1959,3430.057,64875,40.3667,29.1933,13.24651258,3.5767,58.73,2092.138,371.9585,5.2667,39.9667,274779,1505.6667,2.17,1014.3,4.5033,4.6033,3.54,0.6133,22.5204,53522.6667,15.331,18.9144,2.8083,3.072,18.9544
12/1/1959,3439.832,64927.3333,40.1,29.37,13.1919429,3.99,57.7633,2094.495,367.6452,5.6,39.7333,311618,1457.3333,2.18,1011.7,4.5833,4.9167,4.23,0.69,22.6281,53722,15.415,18.8066,2.8025,3.1572,17.8221
3/1/1960,3517.181,65213.3333,40.3,29.3967,13.48705461,3.9333,56.2767,2114.532,379.9162,5.1333,39.7667,285164,1357.3333,2.23,1015.8667,4.4867,4.57,3.8733,0.8233,23.9924,54413.6667,15.435,18.7473,2.803,3.385,16.8284
6/1/1960,3498.246,66061.3333,40,29.5733,13.45715638,3.6967,56.07,2141.205,373.0131,5.2333,39.6333,312898,1269,2.2367,1018.1333,4.26,3.87,2.9933,0.9867,23.4718,54545.3333,15.515,18.6765,2.8061,3.4726,16.4236
9/1/1960,3515.385,66023.6667,39.6667,29.59,13.46720477,2.9367,55.72,2132.646,365.0222,5.5333,39.3667,349816,1212.6667,2.2567,1035.7,3.8333,3.0733,2.36,1.27,23.0859,54268.3333,15.574,18.6036,2.8104,3.5002,16.4461
12/1/1960,3470.278,65839.6667,39.1333,29.78,13.46490042,2.2967,55.3333,2135.408,364.3026,6.2667,38.8,377100,1185,2.2633,1044.1,3.8867,2.9933,2.3067,1.21,22.5294,53948.3333,15.642,18.5428,2.8109,3.5259,16.4592
3/1/1961,3493.703,65738,39.4,29.84,13.46270131,2.0033,62.0033,2134.615,361.2123,6.8,39.1667,399080,1240.3333,2.2767,1060,3.7867,2.8733,2.35,1.2767,22.1883,53633,15.671,18.5112,2.8013,3.137,18.7252
6/1/1961,3553.021,65605.3333,39.7333,29.83,13.60497943,1.7333,65.9833,2166.382,367.138,7,39.3333,357602,1258.6667,2.3,1079.9,3.79,2.9367,2.3033,1.2267,23.0679,53796.6667,15.67,18.4507,2.794,2.9402,20.3957
9/1/1961,3621.252,65667,39.8667,29.9467,13.66988357,1.6833,66.83,2176.916,375.9302,6.7667,39.5333,331819,1358.6667,2.3167,1093.8333,3.98,3.0133,2.3033,1.1267,23.8039,54269.6667,15.726,18.3708,2.8008,2.9234,20.9827
12/1/1961,3692.289,65966.6667,40.4667,29.99,13.78117742,2.4,70.2733,2220.704,387.8257,6.2,39.9667,302607,1388.3333,2.3467,1111.5,3.9733,3.1,2.46,1.14,24.6387,54712,15.743,18.3269,2.8133,2.8471,22.4531
3/1/1962,3758.147,66379.6667,40.3333,30.1067,13.87380233,2.4567,69.86,2244.227,395.2481,5.6333,39.7667,291168,1360.6667,2.3633,1130.0667,4.0167,3.2067,2.7233,1.0467,25.0067,55118,15.811,18.2594,2.8136,2.9107,22.3949
6/1/1962,3792.149,66576.6667,40.5667,30.22,13.8614135,2.6067,62.2233,2271.817,406.4579,5.5333,40.1,297551,1470.3333,2.38,1149.6667,3.8733,3.0167,2.7167,1.14,25.2491,55624.6667,15.867,18.1893,2.8115,3.3235,19.5325
9/1/1962,3838.776,66881,40.5,30.3067,13.89736469,2.8467,57.83,2290.126,409.7296,5.5667,40.0667,304870,1430.3333,2.3967,1164.2,3.99,3.1833,2.84,1.0567,25.5183,55854,15.91,18.1297,2.8038,3.5856,17.536
12/1/1962,3851.421,66969.3333,40.3667,30.38,13.95264084,2.9233,59.6167,2322.53,408.4905,5.5333,39.8667,305710,1573,2.4067,1184.6667,3.9033,2.9967,2.8133,1.0533,25.7337,56041.6667,15.958,18.0958,2.8022,3.551,17.458
3/1/1963,3893.482,67149,40.5,30.4767,14.02802794,2.9667,65.55,2338.799,413.8437,5.7667,39.9667,295576,1411.3333,2.43,1207.2333,3.8933,3.0267,2.9067,1,26.2095,56221.6667,16.004,18.0361,2.8029,3.2698,18.6116
6/1/1963,3937.183,67635.3333,40.5667,30.5333,14.09611047,2.9633,69.67,2360.869,432.2826,5.7333,40.2333,290211,1639.3333,2.45,1231.2,3.9633,3.1433,2.94,0.89,26.9006,56618.3333,16.029,17.9681,2.8002,3.1339,19.2692
9/1/1963,4023.755,67995.6667,40.6,30.72,14.16258041,3.33,70.9667,2392.896,442.9435,5.5,40.2,286696,1672,2.4733,1248.6,4.0333,3.5267,3.2933,0.8033,27.0801,56927.3333,16.107,17.8991,2.7994,3.1108,19.0819
12/1/1963,4050.147,68258,40.6667,30.8033,14.21456489,3.4533,73.2733,2412.836,456.1799,5.5667,40.1667,289401,1630.6667,2.49,1269.3333,4.12,3.73,3.4967,0.72,27.5379,57299.6667,16.166,17.8132,2.7974,3.0799,19.1476
3/1/1964,4135.553,68613.6667,40.4667,30.93,14.21435,3.4633,77.5467,2460.191,471.9559,5.4667,40,272697,1646.6667,2.5033,1285.2667,4.18,3.8267,3.53,0.65,27.9149,57712.3333,16.243,17.7381,2.7978,2.9834,19.8018
6/1/1964,4180.592,69401.6667,40.7667,30.98,14.31122538,3.49,80.3,2503.709,471.0517,5.2,40.3,264163,1488.3333,2.5233,1305.1333,4.2,3.86,3.4767,0.65,28.5701,58076.6667,16.278,17.6856,2.7975,2.9432,19.9718
9/1/1964,4245.918,69480,40.8667,31.05,14.39030001,3.4567,82.8767,2549.958,478.7076,5,40.3333,249995,1528.6667,2.55,1331.6333,4.1933,3.7667,3.4967,0.63,29.0279,58644.6667,16.331,17.3397,2.7866,2.9202,19.9768
12/1/1964,4259.046,69710.3333,40.9667,31.1933,14.33385243,3.5767,84.75,2557.236,482.8664,4.9667,40.5333,258883,1498,2.5533,1352.8667,4.1733,3.93,3.6833,0.6367,29.4677,59144,16.385,17.2955,2.7863,2.9265,19.8103
3/1/1965,4362.111,70187.6667,41.3,31.29,14.51610207,3.9767,86.5667,2614.265,504.6428,4.9,40.7667,237659,1405.6667,2.5933,1375.4333,4.2033,4.01,3.89,0.5833,30.5807,59795,16.438,17.2305,2.7929,2.9264,19.6394
6/1/1965,4417.225,70897.3333,41.2333,31.49,14.60838098,4.08,87.43,2643.097,518.9383,4.6667,40.7,232055,1468,2.6167,1389.5333,4.2067,4.02,3.8733,0.6133,31.2898,60480,16.522,17.1772,2.7952,2.9639,19.2008
9/1/1965,4515.427,71369.3333,41.1333,31.5833,14.66100034,4.0767,86.9267,2688.512,532.9764,4.3667,40.6667,231806,1481,2.6367,1412.3667,4.2467,4.0833,3.8667,0.6433,31.945,61227.6667,16.583,17.1241,2.7928,3.0419,18.5642
12/1/1965,4619.458,71827,41.2667,31.75,14.748869,4.1667,91.7567,2764.094,545.3791,4.1,40.7667,215809,1522.6667,2.6633,1435.7,4.4733,4.4633,4.1667,0.4933,32.5913,62012.3333,16.634,17.0674,2.803,2.9426,19.0576
3/1/1966,4731.888,72173.3333,41.6,32.0467,14.84980931,4.56,91.63,2804.899,565.7825,3.8667,41.1333,203207,1380.6667,2.6867,1449.7667,4.77,4.93,4.61,0.3967,33.5248,62839,16.763,16.9824,2.8005,3.0139,18.3866
6/1/1966,4748.046,72594,41.5667,32.3367,14.88384285,4.9133,88.1467,2812.086,560.2844,3.8333,40.9667,185490,1270.3333,2.7233,1454.0667,4.78,4.9333,4.5867,0.71,34.2249,63753.3333,16.899,16.8453,2.7918,3.1945,17.0354
9/1/1966,4788.254,73088,41.2667,32.6167,14.95261758,5.41,81.4333,2844.198,560.9071,3.7667,40.7667,200817,1083.6667,2.7567,1449.9667,5.14,5.51,5.0433,0.7267,34.7545,64483.6667,17.028,16.8025,2.789,3.531,15.2455
12/1/1966,4827.537,73656.6667,41.1333,32.8833,14.994881,5.5633,79.8167,2856.047,545.9921,3.7,40.7333,205155,931.3333,2.7867,1452.8,5.0033,5.44,5.21,1.1333,35.0865,65024,17.16,16.848,2.7909,3.6063,14.582
3/1/1967,4870.299,73572,40.6667,32.9667,15.02553886,4.8233,87.0767,2872.504,535.5812,3.8333,40.3333,232917,1082,2.8133,1472.5667,4.5833,4.6033,4.5133,1.2967,34.8932,65455.3333,17.209,16.8684,2.7938,3.3205,15.7721
6/1/1967,4873.287,74001.3333,40.4,33.1667,15.0564276,3.99,91.66,2911.776,548.7385,3.8333,40.0333,243583,1214.3333,2.84,1498.7667,4.82,4.2467,3.66,1.16,34.751,65612,17.291,16.8124,2.7958,3.164,16.4978
9/1/1967,4919.392,74713.6667,40.5667,33.5,15.12457901,3.8933,94.4367,2926.685,555.2964,3.8,40.2667,218983,1397.3333,2.89,1524.1667,5.2467,5.1267,4.3,1.0833,34.9901,66065,17.452,16.92,2.7854,3.0853,17.0397
12/1/1967,4956.477,75216.3333,40.6333,33.8667,15.13839168,4.1733,94.54,2944.594,571.9568,3.9,40.3333,211400,1445.6667,2.9267,1539.5667,5.6433,5.5633,4.7533,1.08,35.9263,66609.3333,17.602,16.8797,2.6171,3.0893,17.172
3/1/1968,5057.553,75102.6667,40.6667,34.2,15.34832489,4.79,91.6267,3015.162,584.7561,3.7333,40.2,207233,1455.3333,2.9933,1550.6667,5.61,5.4733,5.05,1.22,36.4392,67104.6667,17.789,16.6895,2.406,3.2113,16.7205
6/1/1968,5142.033,75950,40.7,34.5333,15.40467803,5.9833,98.0133,3061.075,583.3213,3.5667,40.3667,197200,1455.6667,3.0433,1561,5.7433,5.9433,5.52,1.28,36.9304,67704.3333,17.971,16.4976,2.3919,3.038,17.8899
9/1/1968,5181.859,76100.6667,40.8,35,15.41154543,5.9467,99.9033,3118.445,592.4148,3.5333,40.4,195550,1521,3.0867,1569.9667,5.46,5.51,5.1967,1.4033,37.217,68313.3333,18.157,16.3152,2.3895,3.0201,17.9956
12/1/1968,5202.212,76498.6667,40.8667,35.4333,15.53191356,5.9167,105.2333,3132.511,606.4028,3.4,40.3333,189633,1582.3333,3.1433,1586.9,5.77,5.8367,5.5867,1.2567,37.7822,68984.3333,18.358,16.1275,2.3866,2.9049,18.6489
3/1/1969,5283.597,77166.3333,40.6667,35.8667,15.5893062,6.5667,100.9333,3167.245,623.3255,3.4,40.3333,192167,1678.3333,3.2,1594.4333,6.1767,6.3633,6.0933,1.2,38.5171,69681,18.536,16.2637,2.39,3.0619,17.5465
6/1/1969,5299.625,77605,40.8,36.4333,15.61030755,8.3267,101.68,3187.677,626.649,3.4333,40.4667,185733,1545,3.26,1583.4667,6.3533,6.5733,6.1967,1.2333,38.6853,70345.3333,18.772,17.2023,2.3897,3.07,17.3144
9/1/1969,5334.6,78153,40.6,36.9333,15.7367319,8.9833,94.4667,3203.218,635.6869,3.5667,40.3,200633,1411,3.3267,1571.9333,6.8567,7.6533,7.0233,1.06,39.1496,70883.6667,19.002,17.0061,2.3866,3.3275,15.8708
12/1/1969,5308.556,78575.3333,40.5333,37.5,15.75490237,8.94,94.28,3228.82,621.5769,3.5667,40.2333,208000,1312.3333,3.39,1561.5333,7.2967,7.9,7.3533,1.0767,38.9042,71149.3333,19.221,16.8087,2.3946,3.3502,15.6916
3/1/1970,5300.652,78780.3333,40.2333,38.1,15.75059952,8.5733,88.7067,3248.853,618.4736,4.1667,39.9667,257917,1236.3333,3.4267,1542.6333,7.3667,7.5533,7.21,1.39,37.9617,71310.6667,19.444,16.6277,2.4036,3.5706,14.7705
6/1/1970,5308.164,78635.6667,39.8,38.6333,15.78690505,7.8867,79.2,3263.571,605.7673,4.7667,39.6333,310717,1313,3.4867,1531.5667,7.7133,7.4533,6.6767,1.2633,37.7529,71167,19.659,16.4416,2.4025,4.0252,13.258
9/1/1970,5357.077,78616,39.8,39.0333,15.85596933,6.7067,78.74,3292.183,615.9777,5.1667,39.5333,296800,1483.3333,3.5567,1550.1,7.46,6.9367,6.3267,1.95,37.6177,70978,19.851,16.0666,2.3879,4.0522,13.4211
12/1/1970,5299.672,78643,39.5,39.6,15.70007646,5.5667,86.2333,3283.245,615.7602,5.8333,39.3,321617,1706.6667,3.5933,1569.1,6.8533,5.6467,5.3533,2.4233,36.8045,70574,20.108,16.241,2.3894,3.6645,15.0402
3/1/1971,5443.619,78717.3333,39.8,39.9333,15.97651572,3.8567,96.7333,3346.268,628.2914,5.9333,39.5333,292183,1826.3333,3.69,1605.9,6.0167,4.05,3.84,2.5133,37.514,70844,20.299,16.8275,2.4141,3.2278,17.436
6/1/1971,5473.059,78961,39.9333,40.3,16.02996072,4.5667,101.44,3377.022,651.781,5.9,39.6,292067,2020.3333,3.76,1652.6333,6.2467,4.9933,4.25,2.36,37.8538,71179,20.53,16.6378,2.4185,3.0598,18.6517
9/1/1971,5518.072,79511,39.8333,40.7,16.08097075,5.4767,98.5467,3403.947,662.9924,6.0333,39.5,312900,2094,3.8133,1685.1667,6.4833,5.75,5.01,2.22,37.9706,71434,20.732,16.4823,2.4408,3.1392,18.2937
12/1/1971,5531.032,80228.6667,40.0333,41,16.1736872,4.75,96.4133,3460.427,680.3835,5.9333,39.7,285867,2201.6667,3.8667,1718.1,5.89,4.7267,4.23,2.5233,38.8507,71866,20.86,16.3887,2.5032,3.1937,17.904
3/1/1972,5632.649,81213.3333,40.3333,41.3333,16.43041293,3.5467,105.4,3506.098,709.4233,5.7667,39.8333,265817,2406,3.96,1755.5333,6.0333,4.4067,3.4367,2.2,40.5043,72677.6667,21.08,16.233,2.5974,2.9136,19.1422
6/1/1972,5760.47,81875,40.5333,41.6,16.60698554,4.3,108.1667,3572.842,721.6772,5.7,39.9,268000,2241.3333,4.0233,1787.9667,6.1433,4.8433,3.77,2.08,41.275,73463,21.202,16.124,2.5972,2.8383,19.1298
9/1/1972,5814.854,82450.3333,40.5667,41.9333,16.73768913,4.7433,109.2,3627.904,729.8633,5.5667,39.9667,269100,2371.6667,4.0767,1833.4333,6.29,5.1533,4.22,1.88,41.7986,74038,21.388,16.0037,2.4453,2.818,18.7221
12/1/1972,5912.22,83002,40.6667,42.3667,16.97578381,5.1467,114.0667,3713.038,761.8398,5.3667,39.9333,248050,2424,4.1533,1874.9667,6.3733,5.4367,4.8633,1.62,43.247,74971.6667,21.562,15.9038,2.3637,2.7429,18.9422
3/1/1973,6058.544,83841.6667,40.7333,43.0333,17.16901092,6.5367,115,3780.829,791.7211,4.9333,40,225900,2378.3333,4.2267,1889.8667,6.6033,6.31,5.7,1.3633,44.48,75971.6667,21.823,15.7938,2.4186,2.7521,18.447
6/1/1973,6124.506,84797.3333,40.7333,43.9333,17.20083464,7.8167,107.4333,3779.125,797.8489,4.9333,40.1333,239350,2139,4.2933,1881.4,6.8067,7.0167,6.6033,1.2867,44.8617,76663.3333,22.242,15.5816,2.5302,2.9833,16.3814
9/1/1973,6092.301,85330.3333,40.6667,44.8,17.29194139,10.56,105.0667,3792.426,795.6929,4.8,40.0333,249267,2016,4.37,1871.1333,7.2067,8.5067,8.3233,1.26,45.2426,77119,22.647,17.5319,2.4772,3.0967,15.1508
12/1/1973,6150.131,86236,40.6,45.9333,17.33859412,9.9967,102.1933,3781.115,789.1709,4.7667,40.1333,259750,1642.3333,4.4433,1848.3333,6.7533,7.4133,7.5,1.6833,45.9418,77852.6667,23.11,18.3613,2.3779,3.2852,13.8811
3/1/1974,6097.258,86709.3333,40.4333,47.3,17.2833475,9.3233,95.6667,3747.286,773.8952,5.1333,39.9,311783,1586,4.5,1828.1333,7.0533,7.3533,7.6167,1.49,45.5247,78216.6667,23.798,42.344,2.2798,3.5759,12.1664
6/1/1974,6111.751,86833.6667,40,48.5667,17.31296574,11.25,90.64,3760.779,764.43,5.2,39.5333,298700,1515.3333,4.61,1801.9333,7.5433,8.69,8.1533,1.52,45.5578,78511.6667,24.472,41.3186,2.3975,3.8403,10.9078
9/1/1974,6053.978,87079,40.1,49.9333,17.38877476,12.09,74.4867,3776.934,751.8525,5.6333,39.6333,337217,1202.6667,4.7567,1771.4,7.9633,9.01,8.19,1.8467,45.3984,78621.6667,25.132,40.1702,2.3506,4.8011,8.525
12/1/1974,6030.464,86588.3333,39.6,51.4667,17.43975709,9.3467,69.4167,3721.726,711.2096,6.6,39.2667,459450,1023.6667,4.8867,1744.9,7.67,7.6733,7.36,2.9,43.5981,78182.3333,25.771,43.2836,2.3292,5.1852,7.6131
3/1/1975,5957.035,85356.6667,38.9667,52.5667,17.43482237,6.3033,78.8133,3752.942,670.4141,8.2667,38.6,542033,976.3333,4.9867,1740.8667,7.54,6.3067,5.75,3.1067,40.6826,76953,26.256,42.4539,2.392,4.6422,8.5437
6/1/1975,5999.61,85331.6667,39.0667,53.2,17.43557136,5.42,89.0733,3814.672,662.4475,8.8667,38.8,506517,1071,5.0633,1783.1333,8.05,6.5267,5.3933,2.58,40.1533,76535,26.578,41.8161,2.3238,4.1552,9.7297
9/1/1975,6102.326,86135.6667,39.6333,54.2667,17.52234317,6.16,87.6233,3868.889,678.4389,8.4667,39.3333,446417,1250,5.1433,1811.8,8.2967,7.52,6.33,2.2867,41.1432,77050.3333,27.076,41.1981,2.1274,4.2405,9.7816
12/1/1975,6184.53,86497,40,55.2667,17.54429285,5.4133,89.1133,3910.492,691.8995,8.3,39.6,398700,1341.6667,5.22,1822.1333,8.0633,6.68,5.6267,2.5167,42.0415,77747.3333,27.53,40.5382,2.0424,4.141,10.3521
3/1/1976,6323.649,87685.6667,40.3,55.9,17.67507112,4.8267,99.52,3988.677,720.1992,7.7333,39.9,359983,1442,5.3267,1858.6,7.7533,5.9767,4.9167,2.5033,43.3136,78789,27.833,42.0853,1.9992,3.7058,11.9487
6/1/1976,6370.025,88591,40.0333,56.4,17.78366536,5.1967,101.6333,4025.375,732.1036,7.5667,39.7,385200,1449.6667,5.42,1897.4333,7.7733,6.28,5.1567,2.1233,43.8717,79326.6667,28.066,43.0284,1.8061,3.6767,12.1681
9/1/1976,6404.895,89163,40.2333,57.3,17.95038917,5.2833,104.3333,4067.757,740.3775,7.7333,39.8,395600,1557,5.5467,1917.2667,7.73,6.0133,5.15,1.89,44.4681,79714.3333,28.492,44.3611,1.765,3.6615,12.0333
12/1/1976,6451.177,89570.3333,40,58.1333,17.97071353,4.8733,102.6,4120.536,775.5251,7.7667,39.7,390750,1691.3333,5.6467,1958.3333,7.19,5.2267,4.6733,2.0233,45.2757,80199.6667,28.942,47.6416,1.6514,3.8826,11.2719
3/1/1977,6527.703,90359.3333,39.9667,59.2,18.10056013,4.66,101.8,4169.104,802.2361,7.5,39.6,404267,1844.3333,5.77,1988.2333,7.3533,5.42,4.63,1.7533,46.185,81023,29.465,46.8532,1.7134,4.0713,10.5833
6/1/1977,6654.466,91661.3333,40.4667,60.2333,18.2373732,5.1567,99.0333,4191.711,843.9513,7.1333,40.0333,369633,1918.6667,5.8867,2006.8333,7.37,5.6933,4.84,1.6267,47.6404,82101.3333,29.969,46.1481,1.7189,4.3453,9.8385
9/1/1977,6774.457,92409,40.4,61.0667,18.33095569,5.82,98.06,4231.345,854.6316,6.9,39.8667,365800,2009,5.9967,2025.2,7.3567,6.28,5.4967,1.4733,48.1708,83147,30.42,47.4563,1.7351,4.5433,9.4691
12/1/1977,6774.592,93639.3333,40.5,61.9667,18.41181364,6.5133,93.9467,4294.965,869.2157,6.6667,39.9333,357367,2075.3333,6.1067,2037,7.5967,6.96,6.11,1.3467,48.4754,84127.6667,30.852,47.8008,1.8145,4.9106,8.8656
3/1/1978,6796.26,94552.6667,39.9667,63.0333,18.56217251,6.7567,89.35,4319.094,876.9007,6.3333,39.3667,361083,1829.3333,6.2333,2039.7667,8.01,7.31,6.3933,1.1867,48.3263,85000.6667,31.358,47.0663,1.9268,5.3242,8.2263
6/1/1978,7058.92,95835.3333,40.4667,64.4667,18.58999452,7.2833,95.9267,4411.431,936.7979,6,40.0667,325750,2114,6.3967,2031.7333,8.32,7.7867,6.4767,1.15,50.2849,86540.3333,32.002,46.2685,1.835,5.0825,8.5737
9/1/1978,7129.915,96397,40.5333,65.9667,18.68478085,8.1,101.6633,4429.955,962.2452,6.0333,40.1,340517,2019.3333,6.5433,2022.6333,8.49,8.4467,7.3133,1.01,50.7195,87436,32.564,45.488,1.9317,4.9058,8.8641
12/1/1978,7225.75,97399.6667,40.5333,67.5,18.82661494,9.5833,97.14,4465.702,983.5076,5.9,40.1667,338117,2039.6667,6.7,2013.6667,8.82,9.8167,8.57,0.9667,51.6054,88339.3333,33.179,44.6856,1.9848,5.2058,8.2956
3/1/1979,7238.727,98252.3333,40.5,69.2,19.00836802,10.0733,99.3467,4488.83,992.4806,5.8667,40.0333,358000,1665.6667,6.84,1992.8333,9.1067,10.3,9.3833,1.05,51.8492,89114,33.804,46.0583,2.0158,5.1909,8.1928
6/1/1979,7246.454,98371,39.9,71.4,18.88975572,10.18,101.1767,4485.916,986.989,5.7,39.5667,374500,1845.6667,6.9733,1977.3333,9.1133,9.9367,9.3767,1.28,51.7338,89771.3333,34.728,51.3429,2.0814,5.2324,7.8746
9/1/1979,7300.281,99040.6667,40.1333,73.7,18.90905759,10.9467,106.2333,4529.568,1004.4623,5.8667,39.8333,386267,1790,7.1133,1960.9667,9.1033,10.1533,9.6733,1.29,51.5793,90281.3333,35.59,72.9238,2.2311,5.1353,7.7752
12/1/1979,7318.535,99637,40.1333,76.0333,18.85791433,13.5767,105.3333,4540.839,995.318,5.9667,39.8333,414567,1567.6667,7.2433,1929.1333,10.4467,12.27,11.8433,1.37,51.7914,90575.3333,36.451,86.1217,2.1599,5.3207,7.2939
3/1/1980,7341.557,99862.3333,40,79.0333,18.77120856,15.0467,110.3,4534.348,982.3483,6.3,39.6,422017,1246,7.37,1888.2667,11.9867,13.9333,13.3533,1.4933,52.0066,90892.3333,37.545,97.677,2.2526,5.2221,7.2405
6/1/1980,7190.289,98953.3333,39.4333,81.7,18.7514995,12.6867,108.4333,4432.231,901.86,7.3333,39.2667,584183,1058,7.55,1853.9,10.4767,10.2833,9.6167,2.88,49.7923,90456.6667,38.464,105.3652,2.2824,5.4439,6.8608
9/1/1980,7181.743,98899,39.4,83.2333,18.87369944,9.8367,123.2667,4480.849,912.7614,7.6667,39.2,523400,1392,7.7533,1874.6333,10.9533,10.1367,9.1533,2.2133,48.9737,90050.6667,39.364,98.7479,2.3816,4.8909,7.7804
12/1/1980,7315.677,99498.6667,39.9333,85.5667,18.99362045,15.8533,133.1333,4541.39,947.1346,7.4,39.7,420200,1505,7.9733,1862.2667,12.4233,13.84,13.6133,2.2467,50.8642,90726.6667,40.338,92.5467,2.3855,4.6055,8.413
3/1/1981,7459.022,100239,39.9667,87.9333,19.00521225,16.57,131.5333,4556.603,955.763,7.4333,39.7333,416417,1366.3333,8.1567,1843.1,12.96,14.12,14.39,2.2867,50.9827,91116,41.384,94.6964,2.3096,4.7454,8.354
6/1/1981,7403.745,100800.6667,40.1,89.7667,19.09297484,17.78,132.8,4556.934,963.2948,7.4,39.7333,419883,1181.6667,8.32,1854.4333,13.75,15.1267,14.9067,2.02,51.1392,91356.3333,42.078,91.3184,2.0792,4.7846,8.527
9/1/1981,7492.405,100482,39.8333,92.2667,19.12374878,17.5767,125.6667,4578.013,963.6869,7.4,39.6,451400,964,8.5067,1836.0333,14.8467,16.32,15.0533,1.63,51.6211,91547.6667,42.772,86.4565,1.8362,5.164,8.0359
12/1/1981,7410.768,100076.6667,39.4,93.7667,19.05730916,13.5867,122.1667,4546.699,960.6911,8.2333,39.4,518517,873.3333,8.67,1853.2333,14.0867,13.5467,11.75,2.5967,50.4539,91148.6667,43.427,83.3708,1.8822,5.3977,7.8273
3/1/1982,7295.631,99708.6667,38.6667,94.6,19.15457016,14.2267,114.2,4580.19,934.2342,8.8333,38.6333,541817,880,8.86,1878.5,14.2933,14.3333,12.8133,2.74,49.4215,90520.6667,43.979,72.7981,1.8461,5.8618,7.3523
6/1/1982,7328.912,99745,39.1333,95.9667,19.10514988,14.5133,114.1333,4594.142,904.9959,9.4333,39.0333,590100,948,8.9467,1891.6333,13.93,13.7967,12.42,2.85,48.8149,90040.6667,44.402,79.8801,1.7796,5.9455,7.3481
9/1/1982,7300.896,99543.3333,39.0667,97.6333,19.02961462,11.0067,113.8333,4624.939,883.5009,9.9,39,622083,1118.6667,9.0633,1889.7,13.1167,11.84,9.3167,3.1333,48.1272,89355.6667,45.103,78.0869,1.7241,6.0219,7.4093
12/1/1982,7303.817,99119.6667,38.9667,97.9333,18.84987591,9.2867,136.7333,4705.953,883.9864,10.6667,38.8333,590133,1282.6667,9.1233,1926.0667,10.6667,9.13,7.9067,3.7233,47.2229,88821.3333,45.601,75.4026,1.6481,5.0217,9.262
3/1/1983,7400.066,99143,39.4,98,18.83260311,8.6533,147.6667,4752.481,903.821,10.3667,39.2333,490000,1630.3333,9.23,2031,10.5633,8.86,8.1067,3.27,47.757,88999,45.978,65.1941,1.5328,4.6724,10.5726
6/1/1983,7568.456,99945,39.9333,99.1333,18.84242391,8.8033,162.7333,4849.254,937.8173,10.1333,39.6333,469417,1660.3333,9.2633,2059.9333,10.5433,9.18,8.3967,2.7067,48.826,89676.3333,46.398,66.6201,1.5521,4.2606,12.1221
9/1/1983,7719.746,101610.6667,40.4,100.1,18.75382299,9.46,165.5333,4936.211,990.363,9.3667,40,417500,1801.6667,9.3433,2071.8333,11.6267,10.2967,9.14,1.9,50.4923,90604.3333,47.008,67.8255,1.5095,4.2174,12.6334
12/1/1983,7880.794,102588,40.5667,101.1,18.83931834,9.43,165.7667,5014.874,1045.5735,8.5333,40.0667,387833,1729.3333,9.44,2088.3667,11.6867,9.9533,8.8,1.92,51.8093,91875,47.318,63.5976,1.4691,4.2594,12.6809
3/1/1984,8034.847,103664,40.8,102.5333,18.84816966,9.6867,160.3667,5056.492,1078.3663,7.8667,40.3667,345350,1940,9.5433,2103.8333,11.9433,10.1767,9.17,1.8,53.3411,93086.3333,47.83,63.7359,1.435,4.462,11.9352
6/1/1984,8173.67,105040,40.7,103.5,18.77593431,10.5567,155.7667,5127.332,1120.4882,7.4333,40.3333,363633,1822.6667,9.6233,2129.6,13.2,11.5467,9.7967,1.5,54.1713,94123,48.293,63.3562,1.3958,4.6661,11.0271
9/1/1984,8252.465,105362.6667,40.5333,104.4,18.78040009,11.39,160.5333,5165.357,1142.7291,7.4333,40.2333,381800,1672,9.7,2138.5667,12.8667,11.81,10.32,1.8433,54.5357,95055,48.666,60.1524,1.2965,4.5904,10.6855
12/1/1984,8320.199,105944.3333,40.4667,105.3,18.85292859,9.2667,165.2,5232.266,1163.1968,7.3,40.1333,403950,1630.3333,9.79,2167,11.7433,10.0167,8.8033,1.8633,54.5687,95906,48.966,56.3011,1.215,4.528,10.4613
3/1/1985,8400.82,106615.3333,40.2667,106.2667,18.81530291,8.4767,177.3,5321.159,1173.7052,7.2333,40.0333,381100,1714.3333,9.91,2212.1,11.5833,9.39,8.1833,1.81,54.76,96572.3333,49.544,54.7582,1.1152,4.2979,10.8219
6/1/1985,8474.787,106791,40.4667,107.2333,18.80738259,7.9233,184.8,5370.011,1188.8436,7.3,40.1333,394467,1725.6667,9.9833,2231.7333,10.8133,8.4667,7.46,2.2067,54.7901,97269.6667,49.945,55.9184,1.2556,4.1751,11.0529
9/1/1985,8604.22,107186.3333,40.5333,107.9,18.73546088,7.9,188.3,5472.014,1184.0173,7.2,40.1667,397050,1701,10.0433,2264.3667,10.3367,7.9933,7.1067,2.1333,54.7119,97844.3333,50.337,55.2129,1.3763,4.1475,11.357
12/1/1985,8668.188,108023.3333,40.7667,109,18.73994326,8.1033,197,5483.866,1206.5318,7.0333,40.2,394800,1824.6667,10.1067,2274.3,9.76,7.8533,7.1667,2.2167,55.0245,98428.3333,50.688,57.5914,1.4353,4.0073,12.1218
3/1/1986,8749.127,108734.6667,40.7,109.5667,18.65043717,7.8267,219.9667,5531.807,1209.9637,7.0333,40.1333,372483,1898.6667,10.14,2296.1333,8.5567,7.4567,6.8967,2.46,55.3558,98837.6667,51.047,33.1986,1.4405,3.6344,14.051
6/1/1986,8788.524,109205.6667,40.6333,109.0333,18.56223493,6.92,240.6,5592.08,1210.2491,7.1667,40.0333,380750,1878,10.1733,2369.1333,7.6033,6.6067,6.14,2.67,55.0215,99174.6667,50.993,26.9805,1.5094,3.356,15.937
9/1/1986,8872.601,109970,40.6667,109.7,18.48700146,6.2067,241.1667,5690.971,1204.8991,6.9667,40.1,388300,1758.6667,10.2133,2412.9333,7.3067,5.99,5.5233,2.8733,55.2378,99665,51.263,26.6761,1.4877,3.3951,16.1836
12/1/1986,8920.193,110492,40.7,110.4667,18.40759539,6.2667,243.7,5725.812,1214.2013,6.8333,40.0333,368233,1712.3333,10.2767,2449.0333,7.2633,5.7967,5.3533,2.83,55.8578,100312.6667,51.573,29.3637,1.4298,3.3919,16.4467
3/1/1987,8986.367,111206,41,111.8,18.38664564,6.22,279.3,5731.226,1193.2162,6.6,40.5,342533,1761.3333,10.3033,2457.9333,7.1933,5.9233,5.5367,2.4667,56.6085,100920.3333,52.061,34.5898,1.5419,2.9837,18.7215
6/1/1987,9083.256,112158,40.9,113.0667,18.27878288,6.65,293.2667,5809.376,1211.4586,6.2667,40.3333,329833,1612,10.3567,2451.9,8.3433,6.7667,5.6567,2.0133,57.611,101709,52.564,36.3874,1.6422,2.8856,19.4298
9/1/1987,9162.024,112866.6667,40.9,114.2667,18.24675245,6.8433,319.4,5875.641,1232.4019,6,40.3,318200,1625,10.4033,2440.7667,8.8767,7.1267,6.0433,2.03,58.6948,102438,53.062,37.9727,1.6177,2.6982,21.1067
12/1/1987,9319.332,113526.6667,41.0333,115.3333,18.19231116,6.9167,255.4,5888.065,1231.8556,5.8333,40.4667,308500,1523.6667,10.48,2445.1667,9.1233,7.24,5.8633,2.2567,60.0877,103390.3333,53.52,34.4269,1.7554,3.4465,16.6147
3/1/1988,9367.502,114093.3333,41.0333,116.2333,18.12200668,6.6633,258.1,5992.101,1232.5652,5.7,40.3667,319950,1425.3333,10.5467,2468.2,8.4167,6.78,5.7233,2.3367,60.6493,104152,53.943,30.5251,1.7974,3.4512,16.1145
6/1/1988,9490.594,114623,41.0333,117.5667,18.07340148,7.1567,263.1333,6036.355,1256.6647,5.4667,40.4667,311400,1490.6667,10.65,2488.2333,8.91,7.3,6.21,2.07,61.1799,105006.6667,54.539,31.184,1.8415,3.4737,15.4168
9/1/1988,9546.206,115232.6667,41,119,17.98054159,7.9833,266.9333,6090.001,1262.543,5.4667,40.3667,313617,1484,10.73,2480.8333,9.1,8.0033,7.01,1.9733,61.4066,105745.6667,55.211,27.0505,1.6952,3.5155,14.1911
12/1/1988,9673.405,115947.3333,41.0333,120.3,17.96418216,8.47,274.9667,6159.246,1277.507,5.3333,40.4667,291700,1551.3333,10.83,2475.6,8.9567,8.5267,7.7267,1.5567,61.838,106597,55.769,25.8928,1.791,3.5063,13.3722
3/1/1989,9771.725,116835.3333,41.1333,121.6667,17.90398326,9.4433,290.7,6187.816,1288.9089,5.2,40.4333,305167,1489.3333,10.9133,2460.6667,9.2067,9.29,8.54,1.4367,62.1254,107403,56.41,32.1377,1.7468,3.4048,13.0924
6/1/1989,9846.293,117204.6667,41,123.6333,17.81752671,9.7267,313.3,6216.695,1290.5854,5.2333,40.3667,323100,1355.6667,10.98,2439,8.7733,8.9267,8.41,1.5933,61.8906,107910.3333,57.17,35.2086,1.6282,3.2553,13.1415
9/1/1989,9919.228,117493.6667,40.8667,124.6,17.82894971,9.0833,341.9333,6276.877,1313.2021,5.2333,40.3667,337367,1346,11.08,2466.5667,8.1067,8.0967,7.8433,1.78,61.5089,108186,57.507,33.0485,1.5977,3.0852,13.8678
12/1/1989,9938.767,117774.3333,40.6667,125.8667,17.78059548,8.6133,345.4,6304.157,1296.2222,5.3667,40.2333,351733,1337.3333,11.17,2489.7667,7.9067,7.8267,7.6533,1.9067,61.7479,108688,57.959,34.584,1.5855,3.1628,13.8704
3/1/1990,10047.386,119114.3333,40.5667,128.0333,17.85823398,8.25,336.2933,6357.213,1311.6032,5.3,40.2333,354817,1425.6667,11.34,2482.1,8.4233,8.1267,7.76,1.6733,62.2062,109424,58.799,36.5345,1.6573,3.3399,13.5612
6/1/1990,10083.855,118995.3333,40.5667,129.3,17.84957281,8.2433,349.6067,6376.579,1285.6731,5.3333,40.1,359800,1212.3333,11.42,2479.3,8.6767,8.2733,7.7467,1.6333,62.6333,109784,59.333,29.7659,1.675,3.3062,14.5875
9/1/1990,10090.569,118712,40.5333,131.5333,17.81929091,8.16,335.3967,6401.841,1275.1322,5.7,40.1,381750,1132,11.5033,2463.6667,8.7033,7.8267,7.4767,1.7133,62.8761,109648,60.087,43.597,1.8635,3.5245,14.4615
12/1/1990,9998.704,118361,40.3,133.7667,17.8177959,7.7433,317.0533,6353.139,1242.2578,6.1333,39.9333,442333,1042.6667,11.5833,2440.7,8.3967,7.3033,6.99,2.2,61.9028,109255.6667,60.882,52.0113,1.9439,3.7914,13.9992
3/1/1991,9951.916,117782.3333,40.1,134.7667,17.76893957,6.4267,353.3433,6329.249,1207.9667,6.6,39.8,474117,894.6667,11.6567,2451.6,8.0167,6.4367,6.0233,2.1867,60.718,108787,61.202,35.2546,1.9067,3.4397,15.9783
6/1/1991,10029.51,117729.3333,40.2333,135.5667,17.80961801,5.8633,378.6533,6381.703,1211.5528,6.8333,39.9,447617,1011,11.7367,2465.7667,8.13,6.2433,5.56,1.79,61.0384,108311,61.536,33.3281,1.7077,3.2061,17.441
9/1/1991,10080.195,117660,40.5667,136.6,17.804626,5.6433,385.61,6413.521,1212.9789,6.8667,40.1333,424783,1042.3333,11.8,2456.4,7.94,5.8867,5.3767,1.7433,61.8933,108308.3333,61.954,34.4653,1.6873,3.1736,18.2567
12/1/1991,10115.329,117678.6667,40.6333,137.7333,17.78141366,4.8167,387.1033,6410.312,1218.1908,7.1,40.2333,441633,1087,11.8567,2444.0667,7.3467,4.8667,4.54,2.0533,62.0193,108330.3333,62.404,34.3302,1.7766,3.1585,19.2318
3/1/1992,10236.435,117958.3333,40.6667,138.6667,17.68808283,4.0233,412,6530.335,1231.5202,7.3667,40.2333,436900,1241,11.8933,2447.9,7.3033,4.3567,3.8933,1.9,61.9268,108348,62.795,29.6357,1.7702,2.9809,21.8599
6/1/1992,10347.429,118406.6667,40.8333,139.7333,17.71975799,3.77,410.1633,6574.665,1271.9405,7.6,40.4,418133,1152.6667,11.98,2431.4,7.3767,4.22,3.68,1.7533,63.0458,108622.6667,63.212,32.9682,1.8071,3.0039,23.14
9/1/1992,10449.673,118753,40.7667,140.8,17.70825086,3.2567,417.1533,6645.14,1286.5493,7.6333,40.2667,422317,1183.6667,12.02,2415.4667,6.6167,3.4167,3.0833,2.0867,63.5497,108886.6667,63.615,33.5244,1.9025,2.9646,24.3395
12/1/1992,10558.648,118833.6667,40.8667,142.0333,17.64598148,3.0367,423.66,6724.342,1324.1592,7.3667,40.3,359683,1228.3333,12.08,2411.6667,6.7433,3.5633,3.07,2.1267,64.1975,109308,64.059,31.4534,1.5769,2.9244,24.6412
3/1/1993,10576.275,119297.3333,41,143.0667,17.64208263,3.04,442.3633,6750.123,1334.0577,7.1333,40.4667,344950,1167.6667,12.15,2386.7,6.28,3.4067,2.96,2.1233,64.7863,109947,64.441,30.2369,1.4779,2.8141,24.7031
6/1/1993,10637.847,119959.6667,41.1333,144.1,17.6403591,3,445.4633,6811.522,1358.0682,7.0667,40.6333,347033,1266,12.2433,2380.4667,5.99,3.38,2.9667,2.15,64.9147,110537.6667,64.874,29.9132,1.5335,2.8076,23.7475
9/1/1993,10688.606,120625.6667,41.1667,144.7667,17.64762381,3.06,453.5533,6887.329,1379.3962,6.8,40.7,343600,1299,12.3033,2380.8667,5.6167,3.4233,3.0033,2.0067,65.1679,111234,65.155,26.7899,1.5039,2.7607,23.4626
12/1/1993,10833.987,121152,41.3333,145.9667,17.72205299,2.99,464.2467,6947.788,1434.7952,6.6333,40.8,337933,1433.6667,12.4033,2375.5667,5.6067,3.5267,3.06,1.9467,66.1821,112015.3333,65.531,24.6409,1.4915,2.7055,23.2745
3/1/1994,10939.116,121994,41.3333,146.7,17.80109078,3.2133,469.46,7027.255,1451.7414,6.5667,40.7667,347817,1391,12.51,2369.7,6.0667,3.91,3.2433,1.78,66.9881,112876,65.766,22.0854,1.4878,2.6984,22.7523
6/1/1994,11087.361,122596,41.7667,147.5333,17.74132896,3.94,450.9867,7081.931,1481.0887,6.2,41.1667,347667,1466.6667,12.57,2361.4667,7.0833,5.1333,3.9867,1.5133,68.2156,113916.6667,66.133,26.3228,1.5042,2.8376,21.0014
9/1/1994,11152.176,123245,41.7,148.9,17.76061104,4.4867,460.8667,7135.93,1493.3601,6,41.1333,336233,1454.3333,12.6567,2341.7333,7.3333,5.6,4.4767,1.5067,69.0975,114918.6667,66.607,27.2413,1.5517,2.7996,20.0888
12/1/1994,11279.932,124449.6667,41.8,149.7667,17.79293313,5.1667,460.0033,7213.079,1529.4415,5.6333,41.2,328200,1472,12.7533,2327.9,7.8367,6.5967,5.28,1.37,70.5131,115832.6667,66.92,25.8715,1.5848,2.8474,18.6579
3/1/1995,11319.951,124848.6667,41.6667,150.8667,17.82167019,5.81,480.1067,7231.032,1561.8265,5.4667,41.0667,337167,1324,12.8167,2313.6,7.4833,6.7267,5.7367,1.3933,71.2592,116702.3333,67.247,26.7563,1.5823,2.7468,17.8539
6/1/1995,11353.721,124629.3333,41.1,152.1,17.78889514,6.02,523.69,7294.424,1560.7655,5.6667,40.5667,362233,1287.3333,12.9,2317.0333,6.62,5.97,5.5967,1.6133,71.5003,117134.3333,67.639,28.0294,1.5965,2.5422,17.8309
9/1/1995,11450.31,124933.6667,41.2,152.8667,17.88240439,5.7967,565.0833,7360.529,1582.559,5.6667,40.7667,363217,1415.3333,13.0167,2346.1,6.3233,5.6533,5.3667,1.73,72.2038,117633.6667,67.915,25.746,1.5737,2.3913,17.8857
12/1/1995,11528.067,125221.3333,41.1333,153.7,17.8744641,5.72,597.6733,7411.873,1613.3125,5.5667,40.7,371167,1417.3333,13.0767,2356.1667,5.8933,5.4433,5.26,1.7467,72.7983,118172,68.214,26.0528,1.5603,2.2964,17.8835
3/1/1996,11614.418,125542,40.7,155.0667,17.94277425,5.3633,637.01,7480.231,1654.5466,5.5333,40.3667,379217,1460.6667,13.1867,2363.1667,5.91,5.1233,4.93,1.8,73.2909,118682.3333,68.593,28.2553,1.5306,2.1984,18.4815
6/1/1996,11808.14,126280,41.3333,156.4,18.09007106,5.2433,658.9667,7560.702,1705.8555,5.5,40.8667,348650,1495.6667,13.3333,2372.2333,6.72,5.6633,5.02,1.5767,74.8777,119475,69.052,30.9519,1.5243,2.1572,18.8367
9/1/1996,11914.063,127218.3333,41.5,157.3,18.15899207,5.3067,660.5433,7606.475,1744.6005,5.2667,40.9333,337183,1501.3333,13.45,2380.9667,6.78,5.7833,5.0967,1.5133,75.8706,120205.6667,69.346,31.7508,1.5541,2.2002,18.8218
12/1/1996,12037.775,127840.3333,41.5333,158.6667,18.1453423,5.28,726.7933,7667.062,1772.435,5.3333,41.0333,342967,1417,13.53,2392.3333,6.3433,5.48,4.9767,1.5733,76.9705,120918.3333,69.819,34.7325,1.6375,2.0402,20.5155
3/1/1997,12115.472,128495.6667,41.6,159.6333,18.24269884,5.2767,785.59,7747.88,1805.5479,5.2333,40.9667,326383,1432.6667,13.6667,2409.3667,6.5633,5.6467,5.06,1.5067,78.4405,121673.3333,70.127,31.9688,1.6312,1.9108,21.5257
6/1/1997,12317.221,129339.6667,41.7,160,18.22239971,5.5233,824.4367,7782.76,1839.9753,5,41.1667,325433,1476,13.75,2431.9667,6.6967,5.85,5.0467,1.49,79.5891,122555,70.303,27.7759,1.6355,1.8405,21.7528
9/1/1997,12471.01,129950.3333,41.6667,160.8,18.30060612,5.5333,929.85,7915.359,1905.2301,4.8667,41.1333,321900,1457.6667,13.8433,2457.7667,6.2433,5.54,5.0467,1.5133,81.4491,123258.6667,70.488,27.5391,1.6247,1.6426,23.7021
12/1/1997,12577.495,130503.6667,41.8667,161.6667,18.48801256,5.5067,950.8167,8009.964,1919.3221,4.6667,41.1333,312617,1532,14.02,2482.6333,5.9067,5.4833,5.09,1.53,83.4987,124232.6667,70.71,27.6378,1.6605,1.6244,23.6184
3/1/1998,12703.742,130782.3333,41.7,162,18.5213086,5.52,1021.31,8090.987,1976.0303,4.6333,41.0333,318400,1558.6667,14.11,2521.5667,5.5867,5.3133,5.0533,1.6667,84.4227,124996,70.715,22.041,1.6459,1.5304,25.2035
6/1/1998,12821.339,131259.3333,41.3667,162.5333,18.51536122,5.5,1109.67,8233.463,2043.2116,4.4,40.7667,320067,1572.3333,14.18,2561.6,5.5967,5.41,4.9767,1.6567,84.9798,125788.6667,70.843,20.2117,1.6536,1.4284,27.4358
9/1/1998,12982.752,131568.3333,41.3667,163.3667,18.47271892,5.5333,1083.9467,8340.831,2082.3753,4.5333,40.7667,316533,1631.3333,14.2467,2591.9,5.2033,5.0933,4.8233,1.9233,85.6496,126500.6667,71.062,19.4212,1.6534,1.4879,27.0691
12/1/1998,13191.67,132293.6667,41.4333,164.1333,18.55564585,4.86,1122.3167,8461.33,2140.1252,4.4333,40.9333,314200,1722.3333,14.3767,2646.3333,4.67,4.39,4.2533,2.58,86.8785,127255.3333,71.249,17.5934,1.6754,1.4471,28.4681
3/1/1999,13315.597,132943.3333,41.3333,164.7333,18.63679473,4.7333,1259.0033,8548.235,2177.5973,4.3,40.6667,310150,1709.3333,14.4633,2682.2333,4.9833,4.6633,4.4067,2.42,87.9162,128016.6667,71.39,17.8303,1.6329,1.3001,32.3356
6/1/1999,13426.748,133214.6667,41.3333,165.9667,18.79474043,4.7467,1329.7933,8679.143,2229.3903,4.2667,40.7333,301367,1574.3333,14.6533,2702.9333,5.54,4.88,4.4533,2.2,88.779,128830.6667,71.796,24.0517,1.6064,1.225,34.1616
9/1/1999,13604.771,133570.6667,41.4333,167.2,18.92482384,5.0933,1342.2167,8776.715,2281.3061,4.2333,40.8333,292750,1650.6667,14.8067,2723.4333,5.8833,5.16,4.65,2.2167,89.5519,129588.3333,72.191,29.4926,1.6019,1.2207,33.9868
12/1/1999,13827.98,134275,41.4,168.4333,18.93526415,5.3067,1373.23,8905.093,2293.1299,4.0667,40.9,283550,1654.6667,14.91,2739.7333,6.14,5.6067,5.0433,2.1,91.0494,130475.6667,72.629,33.1733,1.6303,1.2015,33.477
3/1/2000,13878.147,136619.3333,41.4667,170.1,19.00227932,5.6767,1418.89,9039.743,2358.7639,4.0333,40.9667,285633,1659,15.0567,2754.0667,6.48,6.1867,5.52,1.85,91.8374,131245,73.219,38.7012,1.6068,1.1749,32.4809
6/1/2000,14130.908,136946.6667,41.3667,171.4333,19.0790138,6.2733,1447.2667,9124.152,2410.9171,3.9333,40.8333,281617,1586.6667,15.1867,2780.4333,6.1767,6.2167,5.7133,2.4167,92.8783,132017.3333,73.568,38.5349,1.5335,1.1555,30.8947
9/1/2000,14145.312,136695.3333,41.2333,173,19.13842395,6.52,1475.5033,9211.569,2421.4245,4,40.7,302650,1503.6667,15.32,2788,5.8933,6.13,6.0167,2.4267,92.7787,132266.3333,74.042,42.1332,1.4767,1.1156,29.7365
12/1/2000,14229.765,137341.3333,40.8333,174.2333,19.2253389,6.4733,1366.37,9292.05,2428.8193,3.9,40.4333,327083,1544,15.48,2808.7667,5.5667,5.9,6.0167,2.6467,92.5344,132541.3333,74.46,42.4042,1.4464,1.1929,26.4289
3/1/2001,14183.12,137724.3333,40.5667,175.9,19.15379741,5.5933,1275.7433,9325.751,2414.7093,4.2333,40.1,366150,1605,15.5633,2854.6333,5.05,4.5967,4.8167,2.83,91.4405,132747.3333,75.012,37.9534,1.4582,1.2627,24.4075
6/1/2001,14271.694,137088,40.3667,177.1333,19.27414395,4.3267,1232.9733,9344.486,2386.4468,4.4,40,396150,1630,15.6967,2909.1333,5.27,3.78,3.66,2.7667,90.341,132388.6667,75.363,36.5932,1.4211,1.2811,24.2245
9/1/2001,14214.516,136719.3333,40.3667,177.6333,19.44293656,3.4967,1142.53,9377.003,2369.3299,4.8333,39.9333,410333,1599.6667,15.8567,2967.1667,4.98,3.3033,3.17,2.97,89.0839,131985.3333,75.401,34.8173,1.4386,1.3817,24.4115
12/1/2001,14253.574,136225.6667,40.1,177.5,19.48392422,2.1333,1117.0667,9528.302,2315.2796,5.5,39.7667,448350,1570,15.9933,3036.9333,4.77,2.2433,1.9067,3.1533,88.1359,131193,75.432,26.581,1.4423,1.41,27.7656
3/1/2002,14372.785,136105.3333,40.3,178.0667,19.61476735,1.7333,1131.5567,9549.516,2295.2615,5.7,39.8333,407633,1723,16.1433,3078.9667,5.0767,2.32,1.72,2.88,88.738,130772.6667,75.584,28.062,1.426,1.391,33.2352
6/1/2002,14460.848,136360,40.6333,179.4667,19.66673451,1.75,1068.4,9597.82,2292.7014,5.8333,40.0333,408483,1691,16.25,3080.7333,5.1,2.3433,1.7133,2.9233,90.0914,130640.6667,76.145,33.9309,1.4621,1.4935,36.4041
9/1/2002,14519.633,136806.6667,40.4667,180.4333,19.70372579,1.74,894.65,9664.988,2289.326,5.7333,39.8667,396367,1697.3333,16.3833,3121.9,4.26,1.8133,1.6433,3.3667,90.6354,130555.6667,76.539,36.3949,1.5499,1.7746,33.2955
12/1/2002,14537.58,136651.6667,40.4,181.5,19.8387601,1.4433,887.9133,9718.745,2279.7068,5.8667,39.8,404650,1729.6667,16.54,3167,4.0067,1.53,1.3333,3.5933,90.6335,130566,76.896,36.0757,1.5716,1.8005,33.0485
3/1/2003,14614.141,137444.3333,40.3333,183.3667,19.93090405,1.25,859.8333,9766.616,2300.4115,5.8667,39.7333,411133,1736,16.65,3185.6,3.92,1.3,1.1567,3.2,91.2283,130416.3333,77.484,43.5457,1.6026,1.8824,30.975
6/1/2003,14743.567,137655.6667,40.2,183.0667,19.93614788,1.2467,937.9967,9878.442,2355.661,6.1333,39.7,427333,1753.6667,16.7533,3254.8667,3.62,1.1533,1.04,2.8533,90.5838,130185.3333,77.562,36.9175,1.6191,1.7289,32.2291
9/1/2003,14988.782,137544,40.2667,184.4333,19.98454258,1.0167,1000.5033,10018.122,2432.0446,6.1333,39.7667,402400,1889.6667,16.8633,3296.1,4.2333,1.2233,0.93,2.5733,91.1814,130196.3333,78.073,38.2408,1.6105,1.6443,32.2804
12/1/2003,15162.76,138273,40.7333,185.1333,20.01299301,0.9967,1056.4233,10087.092,2476.085,5.8333,40.0333,367750,2035.6667,16.93,3280.4,4.2867,1.3,0.9167,2.3767,92.0372,130502.6667,78.457,39.2985,1.7068,1.621,31.6218
3/1/2004,15248.68,138489,40.9333,186.7,20.02463939,1.0033,1133.2867,10181.141,2469.1096,5.7,40.1667,354317,1918.3333,17.0467,3277.7,4.02,1.2233,0.9167,2.2533,92.6482,130905.6667,79.062,44.1787,1.8396,1.5717,29.5123
6/1/2004,15366.85,138902,40.8667,188.1667,20.03546717,1.01,1122.9667,10236.694,2536.44,5.6,39.9667,344483,1937.3333,17.13,3322.3667,4.6,1.7767,1.0767,2.0633,93.1341,131634.3333,79.594,47.758,1.8057,1.6394,25.375
9/1/2004,15512.619,139538.6667,40.7667,189.3667,20.12119069,1.4333,1104.15,10356.936,2590.331,5.4333,40.1,340333,1977,17.23,3337.8333,4.3033,2.08,1.4867,2.1467,93.6464,131960.6667,79.985,54.452,1.8193,1.7185,22.3072
12/1/2004,15670.88,140029.3333,40.5667,191.4,20.13623516,1.95,1161.7867,10474.084,2637.5297,5.4333,39.9667,329333,1965.3333,17.3367,3345.6,4.1733,2.4667,2.0067,2.0133,94.9548,132520.6667,80.669,59.6584,1.8657,1.6665,21.4726
3/1/2005,15844.727,140428,40.6,192.3667,20.13292198,2.47,1191.98,10540.638,2683.8301,5.3,39.8333,329050,2071.6667,17.42,3346.8,4.2967,3.0633,2.5367,1.67,96.3006,132989.6667,81.138,60.94,1.8904,1.6751,20.9848
6/1/2005,15922.782,141525.6667,40.4,193.6667,20.1434583,2.9433,1181.6533,10657.449,2729.4553,5.1,39.9333,325317,2051.3333,17.5433,3348.5667,4.16,3.3367,2.8633,1.8133,96.8562,133719,81.65,64.7162,1.8566,1.7516,19.9447
9/1/2005,16047.587,142287,40.5667,196.6,20.17470827,3.46,1224.1433,10745.873,2777.3487,4.9667,39.9667,340967,2100,17.65,3345.6667,4.2133,3.7867,3.36,1.7667,96.4505,134451.3333,82.532,76.6603,1.7838,1.7397,19.9255
12/1/2005,16136.734,142599.6667,40.9,198.4333,20.14138535,3.98,1230.4667,10765.68,2790.0289,4.9667,40.3333,328617,2068.6667,17.7433,3358.3333,4.49,4.2867,3.8267,1.8467,97.3479,134932.3333,83.189,72.4794,1.7486,1.7864,19.4138
3/1/2006,16353.835,143449.3333,41.0333,199.4667,20.0454199,4.4567,1283.04,10883.075,2842.711,4.7333,40.4333,296083,2120.3333,17.8,3383.7333,4.57,4.6333,4.3933,1.7367,98.3013,135732.6667,83.621,76.0385,1.7536,1.7614,19.4522
6/1/2006,16396.151,144067.6667,41.2,201.2667,19.96241374,4.9067,1281.7833,10939.498,2827.5385,4.6333,40.4667,313950,1855,17.9267,3391.1667,5.07,5.02,4.7033,1.6667,98.8828,136265.3333,84.355,83.9887,1.8267,1.8125,18.4258
9/1/2006,16420.738,144547.3333,41.2,203.1667,19.91858799,5.2467,1288.3767,11009.748,2809.4,4.6333,40.5,316417,1702.3333,18.0633,3408.6,4.8967,5.09,4.9067,1.6967,99.2836,136682.3333,84.962,83.4444,1.8741,1.8539,17.8392
12/1/2006,16561.866,145606,41.0667,202.3333,19.98645335,5.2467,1389.48,11114.771,2789.3911,4.4333,40.6,321917,1570,18.2533,3479.1667,4.63,4.9867,4.9033,1.65,99.5135,137050.6667,84.822,70.8714,1.9173,1.7721,18.7372
3/1/2007,16611.69,146135,41.0667,204.317,19.97452372,5.2567,1425.3033,11183.323,2786.8646,4.5,40.4,316467,1461.3333,18.41,3493.3333,4.68,5.01,4.9833,1.6167,100.5215,137605.3333,85.597,68.0837,1.955,1.7744,18.4088
6/1/2007,16713.314,145850.6667,41.2667,206.631,20.11335562,5.25,1496.3233,11212.669,2799.9578,4.5,40.5333,313233,1451,18.63,3514.7667,4.8467,4.9333,4.7367,1.6467,101.7178,137969.6667,86.324,75.7819,1.9863,1.7341,18.4373
9/1/2007,16809.587,145943.6667,41.3,207.939,20.12342497,5.0733,1490.8167,11287.468,2784.0937,4.6667,40.5667,315550,1289,18.74,3547.9333,4.73,4.5233,4.3033,1.9,101.8732,138052,86.812,87.631,2.0216,1.7919,17.9338
12/1/2007,16915.191,146271.3333,41.2,210.4897,20.06978824,4.4967,1494.09,11331.949,2757.6859,4.8,40.5667,337483,1166,18.8567,3541.8667,4.26,3.62,3.39,2.25,102.1755,138286.6667,87.694,104.7255,2.0437,1.8401,18.0057
3/1/2008,16843.003,146206.6667,41.1667,212.7697,20.13986151,3.1767,1350.19,11316.411,2715.3828,5,40.5,349633,1064,19.0633,3568.5667,3.6633,2.1,2.0433,3.0867,101.8741,138326.3333,88.408,112.3158,1.9788,2.0829,16.9808
6/1/2008,16943.291,145925.6667,41.0667,215.5377,20.19644636,2.0867,1371.6467,11347.595,2693.311,5.3333,40.3667,369850,1010.6667,19.2133,3586.0333,3.8867,2.0733,1.6267,3.1033,100.3931,137863.6667,89.269,141.5381,1.971,2.0839,18.4172
9/1/2008,16854.295,145270.3333,40.8,218.861,20.23025955,1.94,1251.9167,11260.136,2625.1639,6,40.1667,431667,862.3333,19.4333,3575.7,3.8633,2.1233,1.4933,3.3433,97.1922,137156,90.221,134.0543,1.8909,2.3018,18.8842
12/1/2008,16485.35,144090.3333,40.1333,213.8487,20.4053976,0.5067,909.8,11158.801,2451.5205,6.8667,39.6333,519683,663,19.64,3774.1333,3.2533,0.9933,0.2967,5.5867,93.0097,135559.6667,88.781,66.3605,1.5681,3.1432,16.5784
3/1/2009,16298.262,141499.6667,39.5333,212.3777,20.54581867,0.1833,809.3133,11130.464,2256.1658,8.2667,39.1333,625083,525.6667,19.7667,3920.6,2.7367,0.5667,0.2133,5.4767,87.7513,133297,88.181,48.8444,1.4351,3.4221,19.1801
6/1/2009,16269.145,140304.3333,39.4333,213.507,20.56388296,0.18,892.2267,11075.748,2174.1413,9.3,38.9667,612667,534.3333,19.85,3950.8667,3.3133,0.52,0.1733,4.67,85.2489,131432,88.532,67.4299,1.55,2.9359,30.4469
9/1/2009,16326.281,139403.6667,40,215.344,20.69802324,0.1567,996.7,11150.23,2182.1093,9.6333,39.2667,557733,588.3333,19.93,3931.1,3.5167,0.4467,0.1567,3.1433,86.5839,130460,89.142,76.9696,1.6411,2.4617,53.2335
12/1/2009,16502.754,138368,40.4333,217.03,20.63721182,0.12,1088.7033,11137.946,2193.1525,9.9333,39.5,501633,567.6667,20.04,3919.2333,3.46,0.35,0.0567,2.8667,88.0144,129975.3333,89.83,85.316,1.6346,2.1052,82.8977
3/1/2010,16582.71,138590,40.8,217.374,20.62647767,0.1333,1121.5967,11202.495,2192.5474,9.8333,39.8667,478600,618,20.1167,3912.7,3.7167,0.3667,0.1067,2.57,89.7711,129791.3333,90.177,87.8846,1.5611,1.9695,56.6001
6/1/2010,16743.162,139226.3333,41.1667,217.2973,20.67880009,0.1933,1135.2467,11302.955,2272.6986,9.6333,40.4667,462967,602,20.2,3957.3333,3.49,0.38,0.1467,2.6867,91.4716,130424,90.317,86.8319,1.4923,1.941,34.6247
9/1/2010,16872.266,139337.6667,41.2333,217.9343,20.7731879,0.1867,1096.3867,11383.596,2285.2325,9.4667,40.4667,462567,579.6667,20.3167,3984.7667,2.7867,0.27,0.1567,2.99,92.6588,130390.3333,90.49,84.7775,1.5519,2.0301,22.9328
12/1/2010,16960.864,139154.6667,41.3,219.699,20.81128567,0.1867,1204,11453.368,2328.7976,9.5,40.6,431100,542.3333,20.4567,4002.7667,2.8633,0.2567,0.1367,3.05,93.0466,130733,91.07,94.3388,1.5808,1.8785,19.4951
3/1/2011,16920.632,139427.6667,41.2667,222.0437,20.87502585,0.1567,1302.7433,11497.12,2325.0853,9.0333,40.5667,411433,582.3333,20.5567,4011.5333,3.46,0.2733,0.1267,2.63,93.5568,131059,91.835,103.8112,1.6022,1.7808,18.5914
6/1/2011,17035.114,139531.3333,41.4333,224.5683,20.76465568,0.0933,1319.0367,11508.95,2379.7314,9.0667,40.9333,420450,574.3333,20.6167,4056.2333,3.21,0.2067,0.0467,2.64,93.945,131743.6667,92.738,112.6405,1.631,1.8231,17.3268
9/1/2011,17031.313,139883,41.4,226.0327,20.67394038,0.0833,1228.1267,11543.975,2480.0818,9,40.8667,413283,619.3333,20.7,4192.9333,2.4267,0.1333,0.0233,3.0367,95.0357,132153.6667,93.167,98.0846,1.6095,2.0345,15.3351
12/1/2011,17222.583,140698.6667,41.5333,227.0473,20.66950668,0.0733,1225.6533,11563.89,2543.9473,8.6333,41,389550,671.6667,20.7633,4244.2333,2.0467,0.1133,0.0133,3.2067,96.0208,132710.3333,93.475,102.4639,1.572,2.1224,14.7669
3/1/2012,17367.01,141826,41.7333,228.326,20.57957036,0.1033,1347.4367,11647.297,2623.8336,8.2667,41.1667,369200,707.3333,20.8267,4293.3667,2.0367,0.1567,0.0667,3.1633,96.9718,133501,94.094,111.3854,1.5717,2.008,15.7397
6/1/2012,17444.525,142165.3333,41.6667,228.808,20.55588883,0.1533,1350.3933,11667.753,2677.1187,8.2,41.1333,378150,739.3333,20.9033,4353.1333,1.8233,0.1867,0.0867,3.27,97.5877,133923.3333,94.321,100.789,1.5827,2.0744,15.4219
9/1/2012,17469.65,142542.3333,41.5667,229.841,20.49667003,0.1433,1402.2167,11691.414,2681.2021,8.0333,40.9667,375850,780.3333,20.95,4416.4,1.6433,0.1833,0.1033,3.23,97.5683,134337.6667,94.595,99.1882,1.5814,2.0807,15.8662
12/1/2012,17489.852,143364.6667,41.5667,231.3693,20.45279511,0.16,1418.2067,11738.007,2729.3101,7.8,41.0667,376250,908,21.02,4487.1333,1.7067,0.1733,0.0867,2.8667,98.0357,134856,95.126,94.3553,1.6064,2.165,16.1073
3/1/2013,17662.4,143323.3333,41.8,232.2993,20.45848988,0.1433,1514.5133,11814.326,2782.4845,7.7333,41.2667,352600,953.3333,21.1267,4534.9333,1.95,0.1533,0.0867,2.86,98.7735,135497.3333,95.459,100.5909,1.5506,2.1017,17.2005
6/1/2013,17709.671,143838.6667,41.7667,232.045,20.45763712,0.1167,1609.77,11848.089,2811.5284,7.5333,41.2333,346533,868,21.2133,4591.1667,1.9967,0.1267,0.05,2.84,99.2267,136082.6667,95.508,100.1673,1.5367,2.0432,18.2633
9/1/2013,17860.45,144336,41.8,233.3,20.44099755,0.0833,1675.3133,11896.258,2863.1296,7.2333,41.2667,331133,882.3333,21.2367,4631,2.71,0.1233,0.0333,2.6933,99.6322,136619.3333,95.901,112.0597,1.5523,2.0308,18.8416
12/1/2013,18016.147,144264.6667,41.9333,234.1627,20.45519425,0.0867,1770.45,12001.027,2909.9199,6.9333,41.2333,344233,1009,21.3367,4704.9,2.7467,0.1233,0.0633,2.61,100.3051,137243.3333,96.254,102.64,1.6194,1.9659,19.5864
3/1/2014,17953.974,145310.6667,41.7333,235.621,20.4748626,0.0733,1834.3067,12044.203,2945.6786,6.6667,41.1,327667,934,21.4733,4746.0667,2.7633,0.1233,0.0467,2.3533,100.9903,137752.6667,96.696,103.7881,1.6551,1.9527,19.5175
6/1/2014,18185.911,145913,42.0333,236.8723,20.41727353,0.0933,1900.3733,12159.899,3032.3298,6.2,41.4,316683,987,21.5267,4787.0333,2.6233,0.1033,0.0333,2.1967,102.3705,138553.3333,97.129,108.151,1.6833,1.9472,19.383
9/1/2014,18406.941,146569,42.0333,237.4783,20.42427281,0.09,1975.9533,12280.086,3094.211,6.0667,41.5333,299583,1030.6667,21.64,4835.6667,2.4967,0.11,0.0267,2.2433,102.932,139301.3333,97.394,101.947,1.6685,1.9292,19.6134
12/1/2014,18500.031,147482,42.1333,236.8883,20.41411875,0.1,2012.0367,12421.595,3137.1001,5.7,41.6,288283,1049.3333,21.68,4918.9333,2.28,0.1467,0.0233,2.46,103.4978,140083.6667,97.265,76.0763,1.583,1.9455,19.7081
3/1/2015,18666.621,148106,41.9,235.355,20.44922602,0.11,2063.4567,12516.902,3150.2626,5.5333,41.3667,290950,977,21.7467,5048.5333,1.9667,0.2233,0.0267,2.5333,102.3385,140772.6667,96.829,50.3861,1.5143,1.9557,20.2087
6/1/2015,18782.243,148714.6667,41.8,236.96,20.50662946,0.1233,2102.03,12603.053,3184.4704,5.4333,41.1667,277917,1158,21.9167,5057.9667,2.1667,0.25,0.02,2.6667,100.9316,141481,97.312,59.7782,1.5333,1.971,20.4381
9/1/2015,18857.418,148945.6667,41.8,237.855,20.59194131,0.1367,2026.4733,12691.79,3220.3155,5.1,41.2333,274150,1166.6667,21.9933,5093.6667,2.22,0.35,0.04,3.0233,101.0047,142130.3333,97.565,47.8162,1.5492,2.0877,20.0504
12/1/2015,18892.206,149612.3333,41.8,237.837,20.61611754,0.16,2068.6267,12743.411,3219.5025,5.0333,41.2667,268833,1125.3333,22.1567,5177.8667,2.19,0.4633,0.1233,3.23,99.613,142821.3333,97.49,43.1085,1.5173,2.0992,21.1779
3/1/2016,19001.69,150936.6667,41.8333,237.6893,20.66994187,0.36,1947.86,12839.618,3243.099,4.9,41.1667,269867,1142.6667,22.2567,5299.4667,1.92,0.5767,0.2867,3.3867,98.9716,143426,97.538,33.9524,1.431,2.2453,20.9541
6/1/2016,19062.709,151143,41.8333,239.5903,20.78109216,0.3733,2074.9933,12903.306,3267.026,4.9333,41.1333,268583,1171.3333,22.53,5341.3,1.7533,0.5667,0.2567,2.9133,98.6479,143967,98.157,46.2058,1.4347,2.1334,22.8839
9/1/2016,19197.938,151698,41.9,240.6073,20.80279451,0.3967,2161.3567,12993.064,3303.4869,4.9,41.2,258133,1159.3333,22.6833,5395.6,1.5633,0.5567,0.2967,2.6933,98.865,144716,98.496,45.4458,1.3125,2.0767,24.3141
12/1/2016,19304.352,151968,41.9333,242.1347,20.79532237,0.45,2184.88,13060.061,3333.5739,4.7667,41.2333,251250,1235,22.79,5448.6667,2.13,0.7567,0.43,2.51,98.7105,145218.6667,98.947,49.6176,1.2415,2.0821,24.7103
3/1/2017,19398.343,152565.6667,41.8667,243.8387,20.74950478,0.7,2316.9967,13160.475,3376.7136,4.5667,41.1,236000,1217,22.8867,5492.5,2.4433,0.8867,0.59,2.2167,98.7131,145814.6667,99.524,52.033,1.2403,1.9864,25.6684
6/1/2017,19506.949,153214,41.9667,244.12,20.83060393,0.95,2396.2167,13225.743,3410.3729,4.3667,41.2667,238267,1184,23.0367,5552.5333,2.2633,1.12,0.89,2.2333,100.1701,146379.3333,99.724,48.3287,1.2793,1.9591,25.5224
9/1/2017,19660.766,153786,41.9333,245.287,20.93097495,1.1533,2467.72,13315.382,3436.3828,4.3333,41.2,256983,1182,23.2667,5582.1,2.2433,1.2433,1.0367,2.09,99.8649,146899.6667,100.076,48.1031,1.3096,1.9392,25.1665
12/1/2017,19882.352,153772.6667,41.9667,247.2383,21.00730973,1.2033,2604.9833,13460.902,3515.7872,4.1667,41.3333,244200,1235.6667,23.4333,5600.2333,2.37,1.5533,1.2067,1.9,101.2518,147348,100.676,55.0522,1.3274,1.869,25.4535
3/1/2018,20044.077,154945.3333,42.1333,249.3217,21.07210646,1.4467,2732.5767,13558.373,3576.6821,4.0333,41.4333,227350,1298,23.7,5597.4333,2.76,1.94,1.56,1.71,101.7926,147998,101.38,62.1369,1.392,1.8173,25.6193
6/1/2018,20150.476,155575.3333,42.2333,250.679,21.08083025,1.7367,2703.1567,13630.967,3613.6943,3.9333,41.6333,221783,1275,23.86,5619.2667,2.92,2.25,1.84,1.8567,102.9778,148707.3333,101.912,66.8615,1.3614,1.8744,24.3213
9/1/2018,20276.154,155888.3333,42.1,251.6863,21.09543587,1.9233,2850.9867,13693.79,3623.3938,3.7667,41.4,207733,1248.6667,24.04,5646.6,2.9267,2.4667,2.04,1.8867,103.8326,149218.3333,102.254,68.338,1.3035,1.8203,24.6935
12/1/2018,20304.874,156643,42.0333,252.711,21.21839838,2.22,2692,13736.572,3632.777,3.8333,41.3,220950,1165.6667,24.2967,5663.6667,3.0333,2.67,2.3167,2.1067,104.0491,149651,102.642,57.6189,1.2859,1.982,22.3811
3/1/2019,20431.641,156683.6667,41.8,253.3857,21.27608998,2.4033,2722.0767,13758.331,3643.0564,3.8667,41.2333,219017,1179.3333,24.45,5725.9333,2.6533,2.54,2.3867,2.3167,103.0383,150140.6667,102.851,53.2466,1.3028,2.0053,21.641
6/1/2019,20602.275,156892.6667,41.6333,255.2473,21.31550224,2.3967,2882.8933,13875.705,3710.6567,3.6333,41.1,217817,1269.3333,24.6367,5758.6,2.3333,2.2533,2.3,2.2633,102.3678,150682.3333,103.426,57.8227,1.2853,1.9322,21.9386
9/1/2019,20843.322,157899,41.5,256.0893,21.38442581,2.19,2958.59,14033.222,3750.0388,3.6,41.1,209667,1308.6667,24.8,5844.9,1.7967,1.8433,1.98,2.2233,102.2905,151157,103.675,54.3157,1.233,1.9216,22.0323
12/1/2019,20985.448,158673,41.4,257.888,21.47914386,1.6433,3086.4433,14125.274,3739.3262,3.6,40.9,224217,1408.6667,25.01,5924.8,1.7933,1.5767,1.5767,2.12,101.6885,151640.3333,104.083,54.686,1.2883,1.8771,22.8327
3/1/2020,20709.212,157525,41.3333,258.8177,21.52301062,1.26,3069.3,13887.048,3710.8841,3.8333,40.8,920317,1465.3333,25.2033,6047.2667,1.3767,1.09,1.11,2.5133,99.9384,151739.6667,104.445,43.7408,1.2799,1.9469,22.6123
6/1/2020,19077.992,137566.6667,39.2333,256.292,21.73282621,0.06,2928.7533,12685.319,3419.4749,13,39.3,2775633,1080.3333,25.2967,6915.9,0.6867,0.1733,0.1433,3.22,87.3719,133712.3333,104.017,26.6207,1.2415,2.0412,22.5048
9/1/2020,20558.879,146214.6667,40.9667,259.2217,21.75286647,0.0933,3321.6167,13813.706,3641.8408,8.8,40.4333,1052550,1465,25.4633,7117.3667,0.65,0.1367,0.1133,2.6633,95.6491,140615.3333,104.835,38.8738,1.293,1.7813,26.9936
12/1/2020,20791.917,149946.6667,41.4,261.0917,21.84483113,0.09,3554.3333,14001.366,3783.8824,6.7667,40.8,794467,1566.6667,25.68,7261.9333,0.8633,0.1167,0.0933,2.4367,97.3947,142580.3333,105.369,40.1709,1.3204,1.6468,31.2549
3/1/2021,21082.134,150240.3333,41.5333,263.7423,21.88513816,0.08,3862.5633,14319.617,3860.8245,6.2333,40.9,750683,1570,25.91,7442.8333,1.3167,0.0833,0.05,2.15,97.6276,143491.6667,106.567,54.2173,1.379,1.498,36.5371
6/1/2021,21440.929,151437.3333,41.5,268.5503,21.84958306,0.07,4182.5067,14820.014,3918.4153,5.9333,40.8667,489233,1584.3333,26.3233,7584.5,1.5933,0.06,0.0267,1.9633,99.2636,145157.3333,108.184,61.132,1.3985,1.3818,38.0362
9/1/2021,21617.828,153304.6667,41.3667,272.8297,21.94392379,0.09,4421.1533,14943.244,3906.1587,5.0667,40.9,361500,1590.6667,26.6967,7631.0333,1.3233,0.0767,0.0467,1.9133,99.7178,147282.3333,109.655,64.5747,1.3779,1.3298,35.5994
12/1/2021,21988.737,155344.6667,41.4333,278.7713,21.89397567,0.08,4600.9567,15086.862,3935.7459,4.1667,40.9333,245717,1668.3333,27.0133,7653.5667,1.5367,0.1967,0.0533,1.7767,100.5414,149206,111.484,69.9206,1.3489,1.3049,31.8426
3/1/2022,21932.71,157657.6667,41.4,284.9057,21.87585528,0.12,4467.0233,15100.85,4000.5059,3.8667,40.9667,224400,1707.6667,27.3933,7623.9667,1.94,0.9633,0.3067,2.0067,100.7942,150715.3333,113.582,83.9638,1.3421,1.3761,26.297
6/1/2022,21967.045,158110,41.1,291.6053,21.88745781,0.77,4110.2033,15224.357,4019.9414,3.6333,40.7,211750,1636.3333,27.8167,7446.1333,2.93,2.2,1.0767,2.0867,101.2638,151968.3333,115.658,95.5266,1.2564,1.5454,21.6306
9/1/2022,22125.625,158621.6667,40.9667,295.453,21.82588269,2.19,3973.6033,15295.828,3997.374,3.5333,40.6333,210733,1465,28.1767,7314.5333,3.1067,3.3967,2.6633,2.2433,101.2037,153338.6667,116.986,80.8934,1.1763,1.6348,20.0276
12/1/2022,22278.345,158785.6667,40.8333,298.5417,21.91899686,3.6533,3851.9733,15326.248,3992.1512,3.5667,40.5,207183,1392,28.59,7164.5,3.83,4.6133,4.04,2.1433,100.6582,154174.3333,118.176,71.0327,1.1746,1.7241,19.4586
3/1/2023,22439.607,160492.6667,40.8,301.2303,21.91110385,4.5167,4002.9667,15495.754,4039.584,3.5333,40.7,216083,1373,28.99,7022,3.6467,4.7667,4.6267,1.9533,100.7224,154992,119.308,64.5227,1.2153,1.6935,20.8591
6/1/2023,22580.499,160904,40.7,303.3977,21.97593547,4.99,4204.3367,15553.719,4132.089,3.5333,40.4667,231050,1457.3333,29.39,6854.2667,3.5933,4.9433,5.0733,2.09,100.7671,155636.6667,120.19,61.9548,1.2519,1.6311,22.583
9/1/2023,22840.989,161394,40.7333,305.989,22.13726024,5.26,4458.18,15671.906,4171.0065,3.6333,40.5,232933,1384.6667,29.7967,6789.9,4.15,5.3933,5.29,1.8233,100.9224,156240.3333,120.999,68.7058,1.266,1.5504,24.3411
12/1/2023,23033.78,161373,40.5333,308.195,22.33051672,5.33,4471.5033,15789.717,4218.2954,3.8,40.5333,212017,1468.6667,30.2067,6734.6,4.44,5.22,5.2833,1.7467,100.6453,156712,121.546,65.1289,1.2423,1.5669,24.6339
3/1/2024,23082.119,161226,40.5,311.0033,22.45287438,5.33,4999.38,15857.704,4249.5729,3.8333,40.3333,212233,1410,30.6367,6722.6667,4.16,4.9,5.2333,1.5733,99.9883,157245.3333,122.622,63.7834,1.2681,1.4143,26.8756
6/1/2024,23286.508,161256.6667,40.7333,313.0807,22.57155111,5.33,5254.2867,16009.637,4264.8561,3.9667,40.5333,222350,1342,30.9233,6712.6333,4.4433,5.1367,5.2433,1.48,100.6668,157611,123.409,66.7315,1.2623,1.3632,27.5285
9/1/2024,23478.57,161513,40.7333,314.121,22.71414389,5.2633,5545.8233,16165.768,4281.2634,4.1667,40.5667,230783,1340,31.3067,6745.4,3.9467,4.4533,4.99,1.6733,100.0717,157805.6667,123.93,61.9063,1.3011,1.3151,28.581
12/1/2024,23586.542,161396.3333,40.7667,316.5877,22.75861238,4.65,5911.05,16320.89,4260.296,4.1333,40.5333,226067,1388,31.6133,6767.9,4.2833,4.2533,4.4,1.4533,99.6964,158113.3333,124.703,57.0076,1.2809,1.2581,29.9504
3/1/2025,23548.21,163559.3333,40.9333,319.475,22.9679449,4.33,5900.73,16345.793,4333.5958,4.1333,40.5667,221000,1396.6667,32.0267,6764.3,4.4533,4.1433,4.21,1.5233,100.7348,158318.3333,125.759,57.4754,1.2603,1.2841,29.1169
6/1/2025,23770.976,163489.6667,40.9667,320.7857,22.96685125,4.33,5736.79,16445.685,4380.4839,4.2,40.6667,232183,1356,32.34,6811.3667,4.36,4.0333,4.23,1.8467,101.1906,158487,126.424,51.3679,1.336,1.3442,27.3968
9/1/2025,24026.834,163388.6667,41.0333,323.235,23.00988008,4.2933,6429.8233,16585.878,4389.3125,4.3333,40.7667,228367,1347.3333,32.63,6836.5333,4.2567,3.8767,4.0967,1.72,101.7289,158520.6667,127.293,51.8866,1.3484,1.215,29.7155
12/1/2025,24055.749,163876,41.1667,325.547,23.08950153,3.8967,6776.5367,16665.219,4405.6735,4.45,40.7667,222800,1323.3333,32.99,6855.4,4.0967,3.6033,3.73,1.7367,101.2493,158429.6667,128.2,46.7667,1.3294,1.1684,30.2625
3/1/2026,24180.419,162952.3333,41.5,328.1137,23.11762314,3.64,6825.7833,16687.728,4475.0948,4.3333,41.1333,211850,1417.6667,33.4267,6872.9333,4.1967,3.5533,3.5933,1.7133,101.5661,158559.3333,129.655,55.8041,1.3485,1.1737,28.9716
6/1/2026,24269.613,162552.3333,41.6333,332.9847,23.22340503,3.6333,7273.1967,16829.681,4551.1482,4.2667,41.1667,213950,1337,33.8567,6895.7667,4.4233,3.7967,3.6233,1.62,102.6055,158846.6667,131.325,73.6337,1.343,1.112,28.1095
