date,h1,h3,h12
1960-07-01,0.611166,0.739000,0.858083
1960-08-01,0.617998,0.743498,0.859964
1960-09-01,0.624045,0.749183,0.864728
1960-10-01,0.635533,0.760033,0.870603
1960-11-01,0.664085,0.782317,0.879669
1960-12-01,0.680934,0.798227,0.889360
1961-01-01,0.670389,0.795917,0.893177
1961-02-01,0.665511,0.794533,0.895736
1961-03-01,0.666042,0.793760,0.894333
1961-04-01,0.668659,0.791084,0.889135
1961-05-01,0.651454,0.778242,0.884257
1961-06-01,0.638132,0.768888,0.881396
1961-07-01,0.625399,0.759502,0.877799
1961-08-01,0.621661,0.756305,0.876091
1961-09-01,0.622905,0.754753,0.872094
1961-10-01,0.620500,0.750570,0.866529
1961-11-01,0.610983,0.742154,0.860387
1961-12-01,0.601468,0.735055,0.856891
1962-01-01,0.606764,0.740049,0.856979
1962-02-01,0.605290,0.740332,0.855488
1962-03-01,0.591959,0.728978,0.850644
1962-04-01,0.591953,0.727055,0.847292
1962-05-01,0.589643,0.724535,0.845646
1962-06-01,0.583761,0.719028,0.842896
1962-07-01,0.573887,0.708375,0.837709
1962-08-01,0.562873,0.698204,0.831666
1962-09-01,0.558213,0.693416,0.826176
1962-10-01,0.556329,0.689364,0.821263
1962-11-01,0.557193,0.686271,0.815794
1962-12-01,0.554929,0.681083,0.810788
1963-01-01,0.553554,0.676400,0.806489
1963-02-01,0.544287,0.667156,0.801675
1963-03-01,0.535071,0.660072,0.799339
1963-04-01,0.540485,0.663947,0.800691
1963-05-01,0.537262,0.661353,0.800130
1963-06-01,0.535391,0.659837,0.800101
1963-07-01,0.533239,0.658345,0.800341
1963-08-01,0.534520,0.660760,0.802117
1963-09-01,0.533916,0.661197,0.801852
1963-10-01,0.531367,0.659322,0.800507
1963-11-01,0.538237,0.664896,0.801541
1963-12-01,0.548374,0.670287,0.801637
1964-01-01,0.555595,0.674015,0.802131
1964-02-01,0.550299,0.669238,0.799979
1964-03-01,0.540353,0.660694,0.797309
1964-04-01,0.545404,0.662820,0.797659
1964-05-01,0.531295,0.654452,0.797128
1964-06-01,0.529943,0.656480,0.801142
1964-07-01,0.537412,0.666406,0.808508
1964-08-01,0.554089,0.682167,0.815985
1964-09-01,0.584451,0.709292,0.827003
1964-10-01,0.631060,0.746715,0.839778
1964-11-01,0.643682,0.759745,0.846192
1964-12-01,0.609007,0.730439,0.834287
1965-01-01,0.582623,0.707882,0.824479
1965-02-01,0.563369,0.691509,0.817242
1965-03-01,0.552655,0.681700,0.812401
1965-04-01,0.548941,0.677467,0.809220
1965-05-01,0.543169,0.672791,0.806889
1965-06-01,0.544893,0.675682,0.808115
1965-07-01,0.551043,0.680090,0.810035
1965-08-01,0.548073,0.675462,0.808569
1965-09-01,0.557033,0.679331,0.810000
1965-10-01,0.551199,0.676452,0.810565
1965-11-01,0.549031,0.677605,0.813364
1965-12-01,0.558703,0.688512,0.820469
1966-01-01,0.563760,0.694123,0.823156
1966-02-01,0.572984,0.703054,0.828615
1966-03-01,0.581938,0.711032,0.833593
1966-04-01,0.591076,0.718310,0.837274
1966-05-01,0.599079,0.725115,0.841253
1966-06-01,0.594342,0.721523,0.841830
1966-07-01,0.593798,0.721140,0.842606
1966-08-01,0.598117,0.724458,0.844999
1966-09-01,0.602280,0.728077,0.848250
1966-10-01,0.600375,0.726243,0.847537
1966-11-01,0.604553,0.729888,0.849237
1966-12-01,0.607312,0.733432,0.852103
1967-01-01,0.614305,0.739680,0.854887
1967-02-01,0.612366,0.738321,0.856340
1967-03-01,0.601993,0.728516,0.852976
1967-04-01,0.600801,0.725736,0.851001
1967-05-01,0.598288,0.725427,0.852156
1967-06-01,0.599718,0.730715,0.857670
1967-07-01,0.608700,0.740177,0.864238
1967-08-01,0.621527,0.749417,0.867319
1967-09-01,0.619647,0.748976,0.867889
1967-10-01,0.620793,0.751056,0.869720
1967-11-01,0.640819,0.768937,0.877247
1967-12-01,0.645682,0.773331,0.879505
1968-01-01,0.662869,0.785238,0.881251
1968-02-01,0.639570,0.767763,0.874265
1968-03-01,0.616217,0.747750,0.867383
1968-04-01,0.614263,0.744522,0.866066
1968-05-01,0.603991,0.733645,0.860488
1968-06-01,0.594059,0.726097,0.857412
1968-07-01,0.585208,0.717597,0.852695
1968-08-01,0.586470,0.716973,0.851258
1968-09-01,0.581096,0.714029,0.850693
1968-10-01,0.588949,0.719308,0.853193
1968-11-01,0.596156,0.726432,0.857576
1968-12-01,0.596374,0.730443,0.861989
1969-01-01,0.597500,0.733654,0.865607
1969-02-01,0.603370,0.741845,0.872773
1969-03-01,0.604891,0.747403,0.880202
1969-04-01,0.613218,0.757684,0.889894
1969-05-01,0.624133,0.769402,0.898826
1969-06-01,0.629452,0.772704,0.899344
1969-07-01,0.629493,0.771897,0.898308
1969-08-01,0.627952,0.769994,0.898183
1969-09-01,0.627033,0.768472,0.897282
1969-10-01,0.626904,0.768966,0.897450
1969-11-01,0.641473,0.779766,0.901154
1969-12-01,0.647031,0.787123,0.906621
1970-01-01,0.669356,0.807612,0.916115
1970-02-01,0.664754,0.807820,0.918779
1970-03-01,0.667487,0.810974,0.921453
1970-04-01,0.674629,0.815801,0.920955
1970-05-01,0.672074,0.813184,0.917842
1970-06-01,0.657888,0.799888,0.910436
1970-07-01,0.655840,0.797762,0.908242
1970-08-01,0.663459,0.803219,0.909047
1970-09-01,0.678173,0.813026,0.910262
1970-10-01,0.708697,0.835058,0.916668
1970-11-01,0.712832,0.839927,0.920264
1970-12-01,0.737226,0.859368,0.928160
1971-01-01,0.697350,0.828311,0.916721
1971-02-01,0.661716,0.798596,0.905564
1971-03-01,0.633489,0.774041,0.895848
1971-04-01,0.622427,0.763231,0.891260
1971-05-01,0.622306,0.758434,0.886383
1971-06-01,0.635240,0.762452,0.884464
1971-07-01,0.642622,0.767187,0.885522
1971-08-01,0.639294,0.766938,0.886712
1971-09-01,0.633025,0.765673,0.887947
1971-10-01,0.621178,0.757727,0.884947
1971-11-01,0.621487,0.758833,0.885517
1971-12-01,0.633811,0.771127,0.891550
1972-01-01,0.642360,0.775667,0.891081
1972-02-01,0.616297,0.754068,0.881736
1972-03-01,0.598440,0.738080,0.875285
1972-04-01,0.585385,0.724915,0.868246
1972-05-01,0.585175,0.725399,0.868178
1972-06-01,0.594213,0.734191,0.872222
1972-07-01,0.616576,0.753462,0.880498
1972-08-01,0.628998,0.766951,0.888874
1972-09-01,0.627779,0.768504,0.892447
1972-10-01,0.641195,0.779411,0.897456
1972-11-01,0.641640,0.783935,0.901844
1972-12-01,0.650827,0.794874,0.909808
1973-01-01,0.667199,0.811616,0.920686
1973-02-01,0.679456,0.828321,0.933936
1973-03-01,0.681880,0.834981,0.942238
1973-04-01,0.682627,0.840730,0.951151
1973-05-01,0.688144,0.851644,0.963129
1973-06-01,0.710003,0.876242,0.979057
1973-07-01,0.750228,0.919654,1.003496
1973-08-01,0.786910,0.954787,1.020872
1973-09-01,0.795766,0.962468,1.026095
1973-10-01,0.794493,0.954627,1.022913
1973-11-01,0.782055,0.942374,1.018594
1973-12-01,0.781692,0.939468,1.017252
1974-01-01,0.787088,0.939355,1.014969
1974-02-01,0.778403,0.931932,1.013134
1974-03-01,0.775570,0.930483,1.013180
1974-04-01,0.782049,0.936047,1.015193
1974-05-01,0.777208,0.938076,1.018101
1974-06-01,0.774981,0.941461,1.023297
1974-07-01,0.790503,0.955320,1.030346
1974-08-01,0.809154,0.969546,1.034695
1974-09-01,0.817728,0.975887,1.033759
1974-10-01,0.831935,0.986014,1.035191
1974-11-01,0.869240,1.012030,1.039130
1974-12-01,0.888356,1.023034,1.038586
1975-01-01,0.862893,0.998955,1.026406
1975-02-01,0.839840,0.974358,1.012041
1975-03-01,0.807899,0.948428,1.001061
1975-04-01,0.782988,0.925365,0.989507
1975-05-01,0.768237,0.904904,0.974767
1975-06-01,0.763796,0.892996,0.964239
1975-07-01,0.753936,0.881976,0.956625
1975-08-01,0.722175,0.854351,0.941976
1975-09-01,0.690991,0.825794,0.928242
1975-10-01,0.668931,0.806440,0.920115
1975-11-01,0.653797,0.793239,0.913989
1975-12-01,0.660803,0.795913,0.912028
1976-01-01,0.660183,0.794464,0.910675
1976-02-01,0.640665,0.776748,0.902068
1976-03-01,0.622762,0.758819,0.893096
1976-04-01,0.616997,0.750976,0.887524
1976-05-01,0.613880,0.746968,0.883214
1976-06-01,0.600652,0.735067,0.876313
1976-07-01,0.592226,0.725996,0.871991
1976-08-01,0.595105,0.726998,0.871030
1976-09-01,0.607215,0.736535,0.875513
1976-10-01,0.621884,0.751056,0.881030
1976-11-01,0.632255,0.759254,0.882927
1976-12-01,0.633724,0.760768,0.883353
1977-01-01,0.646934,0.765781,0.883544
1977-02-01,0.638457,0.762892,0.882315
1977-03-01,0.615281,0.743862,0.875098
1977-04-01,0.586372,0.720269,0.866449
1977-05-01,0.575544,0.711188,0.864343
1977-06-01,0.567707,0.703532,0.860833
1977-07-01,0.568471,0.702944,0.860418
1977-08-01,0.569214,0.704364,0.862463
1977-09-01,0.579328,0.711867,0.863686
1977-10-01,0.591379,0.723471,0.868190
1977-11-01,0.601266,0.732410,0.871403
1977-12-01,0.623437,0.751454,0.878398
1978-01-01,0.655294,0.777102,0.889779
1978-02-01,0.646993,0.775461,0.892420
1978-03-01,0.644502,0.775195,0.893434
1978-04-01,0.633230,0.768016,0.893893
1978-05-01,0.615215,0.755548,0.893034
1978-06-01,0.603499,0.747212,0.893134
1978-07-01,0.603183,0.749507,0.897267
1978-08-01,0.598788,0.748000,0.900312
1978-09-01,0.601401,0.751686,0.904615
1978-10-01,0.606782,0.759838,0.910132
1978-11-01,0.616704,0.768519,0.916314
1978-12-01,0.624184,0.774069,0.918279
1979-01-01,0.648723,0.794516,0.926510
1979-02-01,0.664891,0.809374,0.934736
1979-03-01,0.690777,0.832336,0.947374
1979-04-01,0.735070,0.866095,0.963881
1979-05-01,0.729692,0.869101,0.973499
1979-06-01,0.713537,0.860007,0.976373
1979-07-01,0.715689,0.863466,0.983063
1979-08-01,0.729619,0.878550,0.995347
1979-09-01,0.741434,0.894908,1.011704
1979-10-01,0.755369,0.917591,1.032399
1979-11-01,0.767104,0.934929,1.047181
1979-12-01,0.782765,0.955404,1.062605
1980-01-01,0.822443,0.995527,1.084196
1980-02-01,0.869660,1.044604,1.112410
1980-03-01,0.926124,1.100115,1.143060
1980-04-01,0.978054,1.153229,1.171524
1980-05-01,0.966826,1.148236,1.172451
1980-06-01,0.932609,1.115996,1.154104
1980-07-01,0.923869,1.103369,1.144035
1980-08-01,0.912721,1.089198,1.136609
1980-09-01,0.887201,1.063090,1.124351
1980-10-01,0.868994,1.044494,1.116109
1980-11-01,0.853798,1.034243,1.115503
1980-12-01,0.849587,1.032531,1.118399
1981-01-01,0.848849,1.032503,1.121164
1981-02-01,0.842660,1.028071,1.121407
1981-03-01,0.837587,1.020072,1.114328
1981-04-01,0.841987,1.020753,1.113105
1981-05-01,0.840857,1.019180,1.113143
1981-06-01,0.844885,1.023209,1.116411
1981-07-01,0.838824,1.015420,1.108850
1981-08-01,0.833026,1.011681,1.104797
1981-09-01,0.844085,1.019775,1.104492
1981-10-01,0.846110,1.022033,1.102164
1981-11-01,0.849519,1.025441,1.101891
1981-12-01,0.862177,1.028347,1.094845
1982-01-01,0.892947,1.046099,1.093877
1982-02-01,0.895573,1.047696,1.091856
1982-03-01,0.852750,1.015574,1.080710
1982-04-01,0.833169,0.995732,1.071908
1982-05-01,0.824688,0.985629,1.065583
1982-06-01,0.817965,0.978091,1.061505
1982-07-01,0.806187,0.967023,1.053799
1982-08-01,0.789380,0.951947,1.042570
1982-09-01,0.778212,0.938939,1.032123
1982-10-01,0.779424,0.934118,1.023488
1982-11-01,0.764498,0.915966,1.008878
1982-12-01,0.765896,0.910780,0.999037
1983-01-01,0.775361,0.911872,0.992799
1983-02-01,0.745479,0.885511,0.979327
1983-03-01,0.721733,0.863542,0.967338
1983-04-01,0.705952,0.846783,0.956521
1983-05-01,0.681887,0.823248,0.943883
1983-06-01,0.675238,0.814533,0.938569
1983-07-01,0.664674,0.802946,0.930018
1983-08-01,0.656299,0.792902,0.923131
1983-09-01,0.656228,0.789892,0.919655
1983-10-01,0.636686,0.771833,0.910790
1983-11-01,0.620840,0.759356,0.905248
1983-12-01,0.626049,0.762543,0.904974
1984-01-01,0.639221,0.773904,0.909005
1984-02-01,0.638959,0.773278,0.908351
1984-03-01,0.622655,0.760481,0.905686
1984-04-01,0.609937,0.750125,0.903488
1984-05-01,0.614010,0.754771,0.908604
1984-06-01,0.615280,0.756184,0.911064
1984-07-01,0.618571,0.759027,0.914105
1984-08-01,0.625006,0.765062,0.918653
1984-09-01,0.629142,0.768117,0.919699
1984-10-01,0.632323,0.771389,0.923528
1984-11-01,0.629758,0.771428,0.925841
1984-12-01,0.628497,0.771356,0.926493
1985-01-01,0.630048,0.772913,0.926749
1985-02-01,0.633164,0.775567,0.928325
1985-03-01,0.635731,0.777471,0.929463
1985-04-01,0.640862,0.781048,0.930805
1985-05-01,0.624648,0.767372,0.923659
1985-06-01,0.616648,0.759194,0.918244
1985-07-01,0.611328,0.752902,0.912804
1985-08-01,0.606821,0.749192,0.908837
1985-09-01,0.616571,0.757017,0.909580
1985-10-01,0.624473,0.765687,0.914633
1985-11-01,0.631784,0.774165,0.919594
1985-12-01,0.645249,0.787788,0.927653
1986-01-01,0.663100,0.805206,0.935652
1986-02-01,0.689153,0.830554,0.948349
1986-03-01,0.692783,0.832601,0.947252
1986-04-01,0.678231,0.820560,0.941583
1986-05-01,0.671687,0.815208,0.938117
1986-06-01,0.663349,0.805330,0.931864
1986-07-01,0.652557,0.796103,0.927589
1986-08-01,0.648361,0.791889,0.925232
1986-09-01,0.654035,0.794650,0.922868
1986-10-01,0.650432,0.791454,0.920969
1986-11-01,0.654619,0.796358,0.923918
1986-12-01,0.674759,0.814761,0.934058
1987-01-01,0.688606,0.827474,0.938529
1987-02-01,0.673479,0.812625,0.931128
1987-03-01,0.639678,0.781887,0.917169
1987-04-01,0.625040,0.766038,0.909039
1987-05-01,0.608693,0.750660,0.901281
1987-06-01,0.598545,0.741851,0.896712
1987-07-01,0.596818,0.740775,0.895271
1987-08-01,0.603652,0.746665,0.897792
1987-09-01,0.616367,0.757560,0.902159
1987-10-01,0.634957,0.775184,0.908795
1987-11-01,0.630317,0.774645,0.913534
1987-12-01,0.631441,0.772625,0.911979
1988-01-01,0.625925,0.768011,0.910149
1988-02-01,0.610583,0.754037,0.903276
1988-03-01,0.592928,0.737296,0.896033
1988-04-01,0.585427,0.729812,0.893080
1988-05-01,0.576991,0.720146,0.888272
1988-06-01,0.574851,0.717722,0.887289
1988-07-01,0.572105,0.712524,0.882769
1988-08-01,0.570864,0.710009,0.880911
1988-09-01,0.573051,0.711258,0.880921
1988-10-01,0.574234,0.713399,0.882756
1988-11-01,0.579235,0.718973,0.885957
1988-12-01,0.596699,0.734388,0.892006
1989-01-01,0.624061,0.757634,0.898806
1989-02-01,0.629988,0.764521,0.902972
1989-03-01,0.625220,0.762762,0.905222
1989-04-01,0.625494,0.765817,0.908910
1989-05-01,0.632417,0.773469,0.914521
1989-06-01,0.629646,0.771957,0.914776
1989-07-01,0.635518,0.775396,0.914495
1989-08-01,0.636013,0.775913,0.913283
1989-09-01,0.619889,0.762526,0.906322
1989-10-01,0.617817,0.760019,0.902146
1989-11-01,0.623417,0.763890,0.901752
1989-12-01,0.649773,0.784545,0.907760
1990-01-01,0.687532,0.815292,0.918851
1990-02-01,0.677139,0.811494,0.919320
1990-03-01,0.660875,0.798868,0.916304
1990-04-01,0.653994,0.793293,0.914033
1990-05-01,0.646380,0.786919,0.911646
1990-06-01,0.641852,0.785298,0.914076
1990-07-01,0.647117,0.793959,0.921883
1990-08-01,0.663654,0.810372,0.930605
1990-09-01,0.656454,0.805795,0.930599
1990-10-01,0.665629,0.813039,0.933982
1990-11-01,0.681341,0.827585,0.940129
1990-12-01,0.680427,0.823986,0.937847
1991-01-01,0.682570,0.823086,0.936128
1991-02-01,0.670896,0.813615,0.933305
1991-03-01,0.650728,0.793291,0.923496
1991-04-01,0.638982,0.776715,0.910709
1991-05-01,0.622551,0.758086,0.897943
1991-06-01,0.612329,0.745529,0.889613
1991-07-01,0.597491,0.731611,0.882391
1991-08-01,0.583570,0.720657,0.878249
1991-09-01,0.579157,0.715878,0.874919
1991-10-01,0.570745,0.711757,0.875202
1991-11-01,0.571273,0.714943,0.878046
1991-12-01,0.580480,0.722761,0.881014
1992-01-01,0.583923,0.725093,0.881439
1992-02-01,0.580672,0.721505,0.880053
1992-03-01,0.572733,0.712988,0.876571
1992-04-01,0.573316,0.710755,0.873760
1992-05-01,0.565127,0.702680,0.869196
1992-06-01,0.563566,0.700810,0.867768
1992-07-01,0.569969,0.704637,0.868866
1992-08-01,0.570532,0.704015,0.867964
1992-09-01,0.575873,0.707066,0.869164
1992-10-01,0.580974,0.710932,0.871682
1992-11-01,0.573998,0.704562,0.868936
1992-12-01,0.584395,0.704386,0.864465
1993-01-01,0.584428,0.703554,0.861657
1993-02-01,0.568363,0.696388,0.859709
1993-03-01,0.563788,0.693869,0.857361
1993-04-01,0.559422,0.688515,0.852572
1993-05-01,0.552969,0.681715,0.847222
1993-06-01,0.539967,0.672320,0.843825
1993-07-01,0.531680,0.665696,0.841577
1993-08-01,0.532438,0.666883,0.843452
1993-09-01,0.540934,0.673424,0.846281
1993-10-01,0.545061,0.678356,0.850057
1993-11-01,0.545824,0.678550,0.851554
1993-12-01,0.571041,0.693340,0.856177
1994-01-01,0.579686,0.702705,0.861962
1994-02-01,0.571071,0.702113,0.865209
1994-03-01,0.569967,0.703726,0.868215
1994-04-01,0.556054,0.692725,0.865245
1994-05-01,0.551748,0.688774,0.863364
1994-06-01,0.547646,0.684480,0.859966
1994-07-01,0.545786,0.683287,0.859422
1994-08-01,0.546835,0.684311,0.860410
1994-09-01,0.546612,0.683975,0.860543
1994-10-01,0.546747,0.684741,0.862039
1994-11-01,0.544054,0.683502,0.862198
1994-12-01,0.549505,0.688263,0.864491
1995-01-01,0.553260,0.692227,0.866524
1995-02-01,0.562242,0.699816,0.869246
1995-03-01,0.561917,0.697378,0.867539
1995-04-01,0.566337,0.699567,0.867424
1995-05-01,0.566613,0.699375,0.865775
1995-06-01,0.557243,0.692903,0.863181
1995-07-01,0.556331,0.692935,0.862279
1995-08-01,0.559546,0.696167,0.863900
1995-09-01,0.551660,0.690650,0.861612
1995-10-01,0.555031,0.694264,0.861938
1995-11-01,0.566143,0.703580,0.864820
1995-12-01,0.578090,0.714776,0.869502
1996-01-01,0.600901,0.734494,0.877723
1996-02-01,0.612224,0.742612,0.880847
1996-03-01,0.598109,0.731211,0.876934
1996-04-01,0.578548,0.714662,0.869489
1996-05-01,0.562476,0.700992,0.864387
1996-06-01,0.553343,0.692561,0.859934
1996-07-01,0.548579,0.686821,0.856353
1996-08-01,0.547320,0.683416,0.853755
1996-09-01,0.544186,0.680635,0.853292
1996-10-01,0.545119,0.681253,0.853554
1996-11-01,0.545561,0.681859,0.854678
1996-12-01,0.546336,0.682131,0.853555
1997-01-01,0.547034,0.682951,0.853166
1997-02-01,0.549090,0.685196,0.854340
1997-03-01,0.544676,0.681464,0.851426
1997-04-01,0.546647,0.681613,0.849344
1997-05-01,0.543558,0.679105,0.848414
1997-06-01,0.543805,0.677971,0.847284
1997-07-01,0.550069,0.682637,0.848173
1997-08-01,0.560007,0.690048,0.849510
1997-09-01,0.553718,0.685231,0.847982
1997-10-01,0.553478,0.685191,0.848148
1997-11-01,0.554704,0.687104,0.850496
1997-12-01,0.556220,0.690022,0.852931
1998-01-01,0.563274,0.696071,0.854549
1998-02-01,0.562972,0.696307,0.853511
1998-03-01,0.565324,0.699681,0.855807
1998-04-01,0.574850,0.709427,0.861123
1998-05-01,0.582688,0.719339,0.866823
1998-06-01,0.598950,0.735547,0.875451
1998-07-01,0.612432,0.749905,0.883959
1998-08-01,0.632867,0.770233,0.896365
1998-09-01,0.622391,0.764192,0.902052
1998-10-01,0.610398,0.752721,0.899461
1998-11-01,0.601106,0.743671,0.895579
1998-12-01,0.597282,0.738579,0.892152
1999-01-01,0.597019,0.738187,0.891261
1999-02-01,0.600284,0.741611,0.891686
1999-03-01,0.598711,0.741401,0.892390
1999-04-01,0.596901,0.742893,0.893562
1999-05-01,0.591697,0.739927,0.894161
1999-06-01,0.585899,0.733246,0.891893
1999-07-01,0.581458,0.729352,0.891571
1999-08-01,0.580236,0.728131,0.891473
1999-09-01,0.583632,0.730907,0.893682
1999-10-01,0.593950,0.740549,0.899280
1999-11-01,0.602038,0.745493,0.899594
1999-12-01,0.619238,0.758467,0.902915
2000-01-01,0.639231,0.773653,0.906826
2000-02-01,0.643185,0.783094,0.913161
2000-03-01,0.649850,0.791659,0.919201
2000-04-01,0.665217,0.808338,0.929664
2000-05-01,0.678426,0.818116,0.936116
2000-06-01,0.684158,0.822441,0.937605
2000-07-01,0.671799,0.814007,0.933904
2000-08-01,0.665552,0.810291,0.932230
2000-09-01,0.670751,0.816343,0.935721
2000-10-01,0.670126,0.816470,0.936360
2000-11-01,0.668788,0.815766,0.937507
2000-12-01,0.681668,0.828200,0.945730
2001-01-01,0.686722,0.833390,0.947949
2001-02-01,0.684133,0.830303,0.943784
2001-03-01,0.679920,0.825865,0.940661
2001-04-01,0.684031,0.826262,0.937785
2001-05-01,0.682614,0.823251,0.933810
2001-06-01,0.689513,0.827574,0.932732
2001-07-01,0.701354,0.836970,0.935025
2001-08-01,0.723453,0.855563,0.940722
2001-09-01,0.766930,0.890818,0.951254
2001-10-01,0.772509,0.893249,0.949092
2001-11-01,0.743549,0.867036,0.936561
2001-12-01,0.708872,0.836911,0.924061
2002-01-01,0.685747,0.814971,0.913511
2002-02-01,0.655604,0.787916,0.902928
2002-03-01,0.637009,0.773298,0.898382
2002-04-01,0.617693,0.754611,0.887986
2002-05-01,0.600771,0.739413,0.880936
2002-06-01,0.597797,0.735849,0.878581
2002-07-01,0.598771,0.736802,0.879409
2002-08-01,0.595710,0.734609,0.879591
2002-09-01,0.595721,0.734851,0.880454
2002-10-01,0.595516,0.736176,0.884043
2002-11-01,0.605241,0.746091,0.890912
2002-12-01,0.620994,0.761146,0.897965
2003-01-01,0.638344,0.777852,0.905643
2003-02-01,0.647385,0.787391,0.910259
2003-03-01,0.646795,0.790732,0.914821
2003-04-01,0.658612,0.804456,0.922838
2003-05-01,0.642640,0.789428,0.918117
2003-06-01,0.630772,0.776132,0.912264
2003-07-01,0.630875,0.772810,0.908483
2003-08-01,0.628611,0.766560,0.900749
2003-09-01,0.628506,0.763908,0.896055
2003-10-01,0.620962,0.756011,0.891175
2003-11-01,0.606808,0.741176,0.883106
2003-12-01,0.593652,0.729079,0.877378
2004-01-01,0.591103,0.726575,0.875392
2004-02-01,0.590110,0.725898,0.875253
2004-03-01,0.593925,0.729258,0.878125
2004-04-01,0.595297,0.733336,0.883736
2004-05-01,0.603641,0.742181,0.889303
2004-06-01,0.610775,0.748231,0.892171
2004-07-01,0.601270,0.741240,0.888682
2004-08-01,0.591882,0.733777,0.884577
2004-09-01,0.595856,0.737989,0.885978
2004-10-01,0.606428,0.748978,0.891250
2004-11-01,0.617511,0.757378,0.894887
2004-12-01,0.641167,0.770993,0.898358
2005-01-01,0.648255,0.776378,0.899752
2005-02-01,0.634253,0.771118,0.898991
2005-03-01,0.628224,0.768100,0.899508
2005-04-01,0.623560,0.766967,0.900414
2005-05-01,0.630818,0.775115,0.904712
2005-06-01,0.643716,0.787835,0.910825
2005-07-01,0.663012,0.806174,0.917526
2005-08-01,0.686156,0.828637,0.926455
2005-09-01,0.729492,0.867085,0.940022
2005-10-01,0.730303,0.874031,0.945337
2005-11-01,0.713758,0.860272,0.939862
2005-12-01,0.686762,0.835708,0.930698
2006-01-01,0.681280,0.827929,0.925995
2006-02-01,0.673297,0.819977,0.922901
2006-03-01,0.657426,0.804329,0.916452
2006-04-01,0.655462,0.801069,0.914185
2006-05-01,0.654111,0.798399,0.912286
2006-06-01,0.652240,0.795491,0.910186
2006-07-01,0.651625,0.794442,0.908864
2006-08-01,0.657171,0.798929,0.909537
2006-09-01,0.672534,0.813141,0.914265
2006-10-01,0.658922,0.800981,0.909815
2006-11-01,0.645392,0.790322,0.907533
2006-12-01,0.645448,0.788457,0.906946
2007-01-01,0.645366,0.786793,0.906716
2007-02-01,0.641926,0.781773,0.904041
2007-03-01,0.634704,0.771690,0.898482
2007-04-01,0.623284,0.761087,0.894937
2007-05-01,0.606245,0.748778,0.893109
2007-06-01,0.608430,0.752833,0.898545
2007-07-01,0.621042,0.766316,0.907973
2007-08-01,0.645116,0.789025,0.921385
2007-09-01,0.657642,0.801812,0.928862
2007-10-01,0.667005,0.812405,0.936417
2007-11-01,0.688587,0.834927,0.950484
2007-12-01,0.696795,0.844501,0.959458
2008-01-01,0.697246,0.847019,0.964429
2008-02-01,0.707807,0.857609,0.972523
2008-03-01,0.718274,0.866658,0.976796
2008-04-01,0.747654,0.890451,0.985214
2008-05-01,0.787324,0.921743,0.997594
2008-06-01,0.820948,0.957658,1.013599
2008-07-01,0.864847,1.003065,1.034760
2008-08-01,0.931590,1.071015,1.065114
2008-09-01,1.012495,1.143782,1.093286
2008-10-01,1.090224,1.216610,1.120627
2008-11-01,1.084664,1.216206,1.119630
2008-12-01,1.060396,1.193591,1.109147
2009-01-01,1.049643,1.177297,1.099271
2009-02-01,0.999798,1.132561,1.079520
2009-03-01,0.949106,1.088922,1.062265
2009-04-01,0.913563,1.053384,1.043065
2009-05-01,0.885066,1.024359,1.027125
2009-06-01,0.872404,1.010867,1.016655
2009-07-01,0.854179,0.990274,1.004972
2009-08-01,0.813195,0.952186,0.987892
2009-09-01,0.787338,0.923859,0.972883
2009-10-01,0.761436,0.899714,0.960540
2009-11-01,0.748201,0.883092,0.951425
2009-12-01,0.738850,0.873524,0.946662
2010-01-01,0.739395,0.872250,0.945338
2010-02-01,0.732960,0.867549,0.943797
2010-03-01,0.724029,0.856276,0.937550
2010-04-01,0.701837,0.832338,0.927343
2010-05-01,0.690420,0.818901,0.921792
2010-06-01,0.656130,0.791975,0.911980
2010-07-01,0.635737,0.774416,0.901910
2010-08-01,0.618619,0.758657,0.893024
2010-09-01,0.610844,0.751322,0.888816
2010-10-01,0.609506,0.750801,0.889004
2010-11-01,0.606086,0.746158,0.886413
2010-12-01,0.626302,0.756307,0.887835
2011-01-01,0.623679,0.754920,0.886089
2011-02-01,0.630586,0.761671,0.888170
2011-03-01,0.629919,0.762287,0.889279
2011-04-01,0.622245,0.757359,0.888847
2011-05-01,0.620123,0.756237,0.889580
2011-06-01,0.620719,0.756834,0.888982
2011-07-01,0.628492,0.763063,0.889844
2011-08-01,0.634675,0.769242,0.892672
2011-09-01,0.623765,0.760576,0.889201
2011-10-01,0.614673,0.752200,0.883894
2011-11-01,0.601483,0.739502,0.877126
2011-12-01,0.598278,0.734258,0.872246
2012-01-01,0.589349,0.726313,0.867382
2012-02-01,0.574543,0.713240,0.861609
2012-03-01,0.571749,0.710036,0.858814
2012-04-01,0.567109,0.705895,0.857021
2012-05-01,0.569706,0.708780,0.858223
2012-06-01,0.568505,0.706967,0.856857
2012-07-01,0.573813,0.711091,0.858267
2012-08-01,0.579322,0.717421,0.860329
2012-09-01,0.577717,0.713522,0.856768
2012-10-01,0.579027,0.712310,0.854291
2012-11-01,0.589344,0.718483,0.854822
2012-12-01,0.596510,0.720840,0.855648
2013-01-01,0.593247,0.720370,0.858347
2013-02-01,0.581113,0.718144,0.861749
2013-03-01,0.570363,0.714004,0.863220
2013-04-01,0.550844,0.694566,0.856281
2013-05-01,0.542947,0.685918,0.852332
2013-06-01,0.539676,0.680331,0.848965
2013-07-01,0.542673,0.680932,0.847629
2013-08-01,0.539093,0.677965,0.846434
2013-09-01,0.528653,0.668286,0.841275
2013-10-01,0.532001,0.668583,0.839835
2013-11-01,0.533535,0.671387,0.841018
2013-12-01,0.537805,0.674572,0.841524
2014-01-01,0.547360,0.680759,0.842393
2014-02-01,0.547059,0.680187,0.841076
2014-03-01,0.538846,0.672520,0.837509
2014-04-01,0.528707,0.663892,0.834716
2014-05-01,0.526880,0.662936,0.835246
2014-06-01,0.531399,0.668069,0.838924
2014-07-01,0.544331,0.680406,0.846229
2014-08-01,0.557538,0.694939,0.855320
2014-09-01,0.567242,0.706553,0.862738
2014-10-01,0.586382,0.724912,0.872107
2014-11-01,0.610542,0.748852,0.884453
2014-12-01,0.635249,0.775185,0.898801
2015-01-01,0.658384,0.799771,0.912173
2015-02-01,0.676277,0.819260,0.921575
2015-03-01,0.674581,0.813963,0.918715
2015-04-01,0.657702,0.798941,0.915011
2015-05-01,0.645568,0.788753,0.912694
2015-06-01,0.629035,0.772862,0.906186
2015-07-01,0.621818,0.766787,0.903875
2015-08-01,0.616960,0.762858,0.902530
2015-09-01,0.618281,0.763385,0.901140
2015-10-01,0.613414,0.758594,0.897858
2015-11-01,0.617362,0.760236,0.898595
2015-12-01,0.628505,0.765015,0.899546
2016-01-01,0.625152,0.763319,0.898326
2016-02-01,0.623700,0.761320,0.897654
2016-03-01,0.620737,0.760618,0.897848
2016-04-01,0.600346,0.741700,0.889110
2016-05-01,0.586743,0.729334,0.883540
2016-06-01,0.582105,0.725125,0.881179
2016-07-01,0.579875,0.724718,0.882292
2016-08-01,0.574909,0.719410,0.879268
2016-09-01,0.572077,0.715617,0.877363
2016-10-01,0.577931,0.720289,0.880278
2016-11-01,0.590962,0.732567,0.886195
2016-12-01,0.597870,0.737697,0.887917
2017-01-01,0.592277,0.730499,0.882021
2017-02-01,0.585894,0.724608,0.877817
2017-03-01,0.583126,0.722069,0.876767
2017-04-01,0.583223,0.722181,0.875516
2017-05-01,0.580712,0.721720,0.875314
2017-06-01,0.574185,0.716200,0.872255
2017-07-01,0.573214,0.714351,0.869863
2017-08-01,0.578824,0.718725,0.869280
2017-09-01,0.585232,0.723475,0.869801
2017-10-01,0.585350,0.722662,0.868994
2017-11-01,0.575339,0.714450,0.867140
2017-12-01,0.575209,0.713313,0.866416
2018-01-01,0.582718,0.718577,0.868904
2018-02-01,0.587774,0.721674,0.871184
2018-03-01,0.580726,0.716171,0.868801
2018-04-01,0.583676,0.716041,0.867289
2018-05-01,0.586055,0.717440,0.867330
2018-06-01,0.573575,0.708272,0.864206
2018-07-01,0.564115,0.701387,0.861753
2018-08-01,0.558721,0.698301,0.862029
2018-09-01,0.559807,0.701921,0.865041
2018-10-01,0.570210,0.713273,0.871088
2018-11-01,0.588655,0.731735,0.880624
2018-12-01,0.609333,0.748065,0.885710
2019-01-01,0.611474,0.751975,0.888383
2019-02-01,0.605888,0.749499,0.888715
2019-03-01,0.602851,0.746200,0.887650
2019-04-01,0.614087,0.754154,0.891045
2019-05-01,0.613725,0.756051,0.895316
2019-06-01,0.615431,0.758705,0.900419
2019-07-01,0.622375,0.765664,0.906040
2019-08-01,0.636263,0.779456,0.915432
2019-09-01,0.652688,0.795491,0.925244
2019-10-01,0.681507,0.822678,0.940119
2019-11-01,0.719044,0.858558,0.959602
2019-12-01,0.769219,0.907065,0.984773
2020-01-01,0.847541,0.980563,1.021598
2020-02-01,0.955096,1.083233,1.072502
2020-03-01,1.145266,1.249019,1.144743
2020-04-01,1.197576,1.286843,1.155068
2020-05-01,1.232143,1.309077,1.158994
2020-06-01,1.184646,1.263846,1.135802
2020-07-01,1.106640,1.195495,1.104704
2020-08-01,1.029339,1.126083,1.072879
2020-09-01,0.949830,1.064417,1.047335
2020-10-01,0.894236,1.017174,1.024529
2020-11-01,0.864729,0.992181,1.010977
2020-12-01,0.856409,0.983332,1.005273
2021-01-01,0.861580,0.985135,1.004238
2021-02-01,0.897395,1.009206,1.011175
2021-03-01,0.898228,1.015252,1.014564
2021-04-01,0.852111,0.976743,0.998623
2021-05-01,0.828506,0.952531,0.987843
2021-06-01,0.808185,0.936473,0.982066
2021-07-01,0.791791,0.926591,0.979512
2021-08-01,0.783592,0.920543,0.977724
2021-09-01,0.792594,0.926184,0.979717
2021-10-01,0.779679,0.918020,0.980185
2021-11-01,0.771955,0.913220,0.980166
2021-12-01,0.784162,0.924707,0.986520
2022-01-01,0.813155,0.950661,0.999626
2022-02-01,0.817181,0.959644,1.007642
2022-03-01,0.826405,0.970670,1.016673
2022-04-01,0.833985,0.979575,1.023382
2022-05-01,0.834808,0.981004,1.026840
2022-06-01,0.843060,0.989274,1.031786
2022-07-01,0.852947,1.001271,1.038883
2022-08-01,0.812904,0.965314,1.028090
2022-09-01,0.790941,0.944716,1.021888
2022-10-01,0.774320,0.927399,1.013313
2022-11-01,0.773410,0.921819,1.007020
2022-12-01,0.776265,0.918270,0.999334
2023-01-01,0.771808,0.912380,0.992564
2023-02-01,0.738514,0.884118,0.978708
2023-03-01,0.720364,0.866251,0.968021
2023-04-01,0.701908,0.849066,0.959641
2023-05-01,0.687576,0.835163,0.951616
2023-06-01,0.675583,0.823683,0.944443
2023-07-01,0.660984,0.811598,0.939686
2023-08-01,0.658831,0.809936,0.938556
2023-09-01,0.648232,0.801306,0.934783
2023-10-01,0.652147,0.804246,0.935565
2023-11-01,0.652772,0.801059,0.932124
2023-12-01,0.648257,0.794878,0.927564
2024-01-01,0.653809,0.795517,0.924195
2024-02-01,0.638752,0.781046,0.916758
2024-03-01,0.618225,0.761752,0.907107
2024-04-01,0.608258,0.752614,0.903014
2024-05-01,0.603760,0.745978,0.898215
2024-06-01,0.594120,0.737193,0.894332
2024-07-01,0.594450,0.736595,0.893921
2024-08-01,0.595313,0.738053,0.896699
2024-09-01,0.598019,0.739669,0.896687
2024-10-01,0.602812,0.741998,0.895863
2024-11-01,0.607270,0.743461,0.891573
2024-12-01,0.619880,0.749828,0.889816
2025-01-01,0.628021,0.754131,0.889889
2025-02-01,0.629347,0.756427,0.888456
2025-03-01,0.628514,0.755983,0.886540
2025-04-01,0.611669,0.741781,0.880432
2025-05-01,0.602856,0.731499,0.874791
2025-06-01,0.589358,0.720713,0.871416
2025-07-01,0.581672,0.713822,0.868259
2025-08-01,0.574986,0.709507,0.868259
2025-09-01,0.574106,0.709147,0.868731
2025-10-01,0.577468,0.712287,0.870476
2025-11-01,0.579688,0.716258,0.874058
2025-12-01,0.593479,0.729422,0.880520
2026-01-01,0.613656,0.747911,0.889821
2026-02-01,0.632822,0.769769,0.901347
2026-03-01,0.652219,0.792654,0.914907
2026-04-01,0.657210,0.799075,0.917461
2026-05-01,0.661426,0.806622,0.922009
2026-06-01,0.675229,0.824103,0.930631
